ID;Edad;Depto;Sexo;Reside;NroMat;PromNotas;Ingresos;Gastos;Internet
1001;22;LA PAZ;Hombre;AREA URBANO;30;68;775;644;Domiciliario
1002;23;LA PAZ;Hombre;AREA URBANO;35;80;1484;906;Domiciliario
1003;22;LA PAZ;Mujer;AREA URBANO;35;82;1304;848;Domiciliario
1004;22;POTOSI;Hombre;AREA URBANO;14;70;767;430;Domiciliario
1005;21;COCHABAMBA;Hombre;AREA URBANO;20;64;1175;964;Domiciliario
1006;22;EL ALTO;Hombre;AREA URBANO;20;74;990;684;Domiciliario
1007;28;LA PAZ;Mujer;AREA URBANO;33;78;898;764;Domiciliario
1008;19;EL ALTO;Mujer;AREA URBANO;23;62;923;794;Domiciliario
1009;24;COCHABAMBA;Hombre;AREA URBANO;20;66;1291;1124;Domiciliario
1010;21;TARIJA;Mujer;AREA URBANO;18;64;1320;1083;Domiciliario
1011;19;EL ALTO;Hombre;AREA URBANO;17;63;1004;603;Domiciliario
1012;26;SANTA CRUZ;Hombre;AREA URBANO;18;87;1105;840;Domiciliario
1013;21;ORURO;Mujer;AREA URBANO;35;74;1000;870;Domiciliario
1014;24;LA PAZ;Mujer;AREA URBANO;28;73;795;573;Domiciliario
1015;26;LA PAZ;Mujer;AREA URBANO;21;75;1379;1131;Domiciliario
1016;27;COCHABAMBA;Hombre;AREA URBANO;14;65;1353;745;Domiciliario
1017;20;PANDO;Mujer;AREA URBANO;18;51;1220;671;Domiciliario
1018;23;SANTA CRUZ;Hombre;AREA URBANO;13;72;836;577;Domiciliario
1019;25;LA PAZ;Hombre;AREA URBANO;23;77;1352;1014;Domiciliario
1020;25;EL ALTO;Mujer;AREA URBANO;35;62;880;757;Domiciliario
1021;19;EL ALTO;Hombre;AREA URBANO;39;52;866;511;Domiciliario
1022;27;LA PAZ;Hombre;AREA URBANO;36;65;999;730;Domiciliario
1023;22;SANTA CRUZ;Mujer;AREA URBANO;24;71;1003;683;Domiciliario
1024;23;ORURO;Hombre;AREA URBANO;15;59;1145;676;Domiciliario
1025;21;EL ALTO;Hombre;AREA URBANO;35;62;758;516;Domiciliario
1026;25;ORURO;Hombre;AREA URBANO;39;77;959;844;Domiciliario
1027;20;CHUQUISACA;Mujer;AREA URBANO;12;86;1480;859;Domiciliario
1028;22;COCHABAMBA;Hombre;AREA URBANO;26;79;1196;706;Domiciliario
1029;20;SANTA CRUZ;Hombre;AREA URBANO;32;61;1069;931;Domiciliario
1030;28;LA PAZ;Hombre;AREA URBANO;38;70;1440;936;Domiciliario
1031;26;SANTA CRUZ;Hombre;AREA URBANO;35;67;1000;600;Domiciliario
1032;28;LA PAZ;Mujer;AREA URBANO;30;76;1238;842;Domiciliario
1033;21;LA PAZ;Mujer;AREA URBANO;15;77;1486;981;Domiciliario
1034;28;EL ALTO;Hombre;AREA URBANO;31;58;1129;813;Domiciliario
1035;20;LA PAZ;Hombre;AREA URBANO;37;73;1040;676;Domiciliario
1036;20;SANTA CRUZ;Hombre;AREA URBANO;12;76;813;472;Domiciliario
1037;23;LA PAZ;Hombre;AREA URBANO;15;70;1185;1043;Domiciliario
1038;20;ORURO;Hombre;AREA URBANO;30;71;899;765;Domiciliario
1039;28;TARIJA;Hombre;AREA URBANO;20;54;1345;1157;Domiciliario
1040;22;PANDO;Hombre;AREA URBANO;15;52;1136;875;Domiciliario
1041;24;POTOSI;Mujer;AREA URBANO;24;55;1123;775;Domiciliario
1042;27;EL ALTO;Hombre;AREA URBANO;19;73;812;618;Domiciliario
1043;22;LA PAZ;Hombre;AREA URBANO;29;71;1468;1175;Domiciliario
1044;25;COCHABAMBA;Mujer;AREA URBANO;18;74;1233;851;Domiciliario
1045;26;SANTA CRUZ;Hombre;AREA URBANO;31;54;1261;971;Domiciliario
1046;28;CHUQUISACA;Hombre;AREA URBANO;36;90;1035;611;Domiciliario
1047;26;SANTA CRUZ;Hombre;AREA URBANO;32;69;1241;795;Domiciliario
1048;25;CHUQUISACA;Mujer;AREA URBANO;12;77;1200;912;Domiciliario
1049;20;COCHABAMBA;Mujer;AREA URBANO;27;80;1415;1189;Domiciliario
1050;19;EL ALTO;Hombre;AREA URBANO;25;68;1101;672;Domiciliario
1051;24;LA PAZ;Hombre;AREA URBANO;28;74;1261;782;Domiciliario
1052;26;LA PAZ;Hombre;AREA URBANO;17;82;1234;1049;Domiciliario
1053;25;ORURO;Mujer;AREA URBANO;32;59;829;531;Domiciliario
1054;26;EL ALTO;Mujer;AREA URBANO;21;56;888;666;Domiciliario
1055;19;SANTA CRUZ;Mujer;AREA URBANO;27;82;1061;860;Domiciliario
1056;22;ORURO;Mujer;AREA URBANO;28;82;1222;1003;Domiciliario
1057;23;EL ALTO;Hombre;AREA URBANO;34;70;1142;983;Domiciliario
1058;19;POTOSI;Hombre;AREA URBANO;14;62;1308;995;Domiciliario
1059;28;SANTA CRUZ;Mujer;AREA URBANO;30;60;1481;1082;Domiciliario
1060;23;ORURO;Hombre;AREA URBANO;26;80;1224;723;Domiciliario
1061;28;POTOSI;Hombre;AREA URBANO;30;79;906;626;Domiciliario
1062;27;LA PAZ;Hombre;AREA URBANO;38;73;1175;893;Domiciliario
1063;21;LA PAZ;Hombre;AREA URBANO;25;91;1439;1152;Domiciliario
1064;28;LA PAZ;Hombre;AREA URBANO;20;68;1188;820;Domiciliario
1065;21;LA PAZ;Hombre;AREA URBANO;23;88;1257;893;Domiciliario
1066;28;LA PAZ;Mujer;AREA URBANO;12;67;1239;942;Domiciliario
1067;27;TARIJA;Mujer;AREA URBANO;15;51;1407;929;Domiciliario
1068;27;LA PAZ;Hombre;AREA URBANO;34;71;1467;866;Domiciliario
1069;24;LA PAZ;Hombre;AREA URBANO;39;76;1254;966;Domiciliario
1070;28;SANTA CRUZ;Mujer;AREA URBANO;12;56;1471;1060;Domiciliario
1071;27;TARIJA;Hombre;AREA URBANO;30;54;1324;927;Domiciliario
1072;19;POTOSI;Hombre;AREA URBANO;37;84;930;717;Domiciliario
1073;20;POTOSI;Hombre;AREA URBANO;16;65;1251;951;Domiciliario
1074;25;CHUQUISACA;Hombre;AREA URBANO;26;82;1168;947;Domiciliario
1075;19;EL ALTO;Hombre;AREA URBANO;22;68;1058;741;Domiciliario
1076;20;LA PAZ;Hombre;AREA URBANO;15;81;1227;1056;Domiciliario
1077;21;COCHABAMBA;Mujer;AREA URBANO;26;65;1427;900;Domiciliario
1078;27;COCHABAMBA;Hombre;AREA URBANO;25;81;983;856;Domiciliario
1079;19;EL ALTO;Mujer;AREA URBANO;36;54;1007;836;Domiciliario
1080;24;COCHABAMBA;Mujer;AREA URBANO;13;79;1112;768;Domiciliario
1081;19;SANTA CRUZ;Hombre;AREA URBANO;28;61;1172;891;Domiciliario
1082;22;EL ALTO;Mujer;AREA URBANO;30;69;1264;885;Domiciliario
1083;75;SANTA CRUZ;Hombre;AREA URBANO;13;72;1258;780;Domiciliario
1084;26;LA PAZ;Hombre;AREA URBANO;31;106;864;536;Domiciliario
1085;19;EL ALTO;Hombre;AREA URBANO;35;73;1027;709;Domiciliario
1086;24;LA PAZ;Hombre;AREA URBANO;33;88;1066;789;Domiciliario
1087;23;PANDO;Hombre;AREA URBANO;26;51;843;692;Domiciliario
1088;27;TARIJA;Mujer;AREA URBANO;34;65;805;516;Domiciliario
1089;23;LA PAZ;Hombre;AREA URBANO;31;76;774;674;Domiciliario
1090;21;SANTA CRUZ;Hombre;AREA URBANO;37;75;791;507;Domiciliario
1091;24;EL ALTO;Mujer;AREA URBANO;17;52;906;617;Domiciliario
1092;20;LA PAZ;Mujer;AREA URBANO;12;80;1490;1133;Domiciliario
1093;25;POTOSI;Mujer;AREA URBANO;36;55;790;680;Domiciliario
1094;21;;Mujer;AREA URBANO;16;52;1443;967;Domiciliario
1095;19;SANTA CRUZ;Hombre;AREA URBANO;23;58;908;600;Domiciliario
1096;23;EL ALTO;Hombre;AREA URBANO;14;76;1390;904;Domiciliario
1097;26;POTOSI;Hombre;AREA URBANO;28;64;923;776;Domiciliario
1098;20;EL ALTO;Hombre;AREA URBANO;21;76;1422;1124;Domiciliario
1099;25;LA PAZ;Mujer;AREA URBANO;34;67;758;417;Domiciliario
1100;22;SANTA CRUZ;Mujer;AREA URBANO;39;69;1462;995;Domiciliario
1101;27;EL ALTO;Hombre;AREA URBANO;34;63;1054;696;Domiciliario
1102;20;POTOSI;Mujer;AREA URBANO;19;58;844;718;Domiciliario
1103;20;LA PAZ;Hombre;AREA URBANO;21;70;878;571;Domiciliario
1104;27;CHUQUISACA;Hombre;AREA URBANO;36;78;1211;727;Domiciliario
1105;26;TARIJA;Hombre;AREA URBANO;28;53;1234;1037;Domiciliario
1106;28;EL ALTO;Hombre;AREA URBANO;35;52;885;567;Domiciliario
1107;20;EL ALTO;Mujer;AREA URBANO;38;76;1291;775;Domiciliario
1108;25;LA PAZ;Hombre;AREA URBANO;25;69;808;461;Domiciliario
1109;26;LA PAZ;Hombre;AREA URBANO;39;77;803;699;Domiciliario
1110;19;ORURO;Hombre;AREA URBANO;31;82;1262;833;Domiciliario
1111;21;SANTA CRUZ;Hombre;AREA URBANO;22;83;1430;916;Domiciliario
1112;24;EL ALTO;Hombre;AREA URBANO;25;56;1188;880;Domiciliario
1113;25;SANTA CRUZ;Hombre;AREA URBANO;33;81;1227;810;Domiciliario
1114;22;LA PAZ;Hombre;AREA URBANO;19;76;1330;1104;Domiciliario
1115;25;CHUQUISACA;Hombre;AREA URBANO;33;94;1288;748;Domiciliario
1116;21;EL ALTO;Mujer;AREA URBANO;29;72;775;644;Domiciliario
1117;28;POTOSI;Hombre;AREA URBANO;32;59;1037;768;Domiciliario
1118;27;LA PAZ;Mujer;AREA URBANO;26;71;1353;1056;Domiciliario
1119;28;COCHABAMBA;Hombre;AREA URBANO;33;81;1450;1001;Domiciliario
1120;19;EL ALTO;Hombre;AREA URBANO;26;57;1402;1094;Domiciliario
1121;25;EL ALTO;Mujer;AREA URBANO;28;64;1190;750;Domiciliario
1122;23;SANTA CRUZ;Hombre;AREA URBANO;20;78;886;559;Domiciliario
1123;24;LA PAZ;Mujer;AREA URBANO;16;105;1276;817;Domiciliario
1124;23;COCHABAMBA;Hombre;AREA URBANO;28;76;883;566;Domiciliario
1125;26;TARIJA;Hombre;AREA URBANO;15;64;808;485;Domiciliario
1126;23;PANDO;Hombre;AREA URBANO;12;53;1497;1258;Domiciliario
1127;20;LA PAZ;Hombre;AREA URBANO;16;76;1354;1043;Domiciliario
1128;19;COCHABAMBA;Mujer;AREA URBANO;15;63;834;534;Domiciliario
1129;23;SANTA CRUZ;Hombre;AREA URBANO;23;74;844;676;Domiciliario
1130;24;SANTA CRUZ;Mujer;AREA URBANO;26;52;778;444;Domiciliario
1131;21;LA PAZ;Mujer;AREA URBANO;27;92;1335;1122;Domiciliario
1132;23;ORURO;Mujer;AREA URBANO;37;71;1429;1058;Domiciliario
1133;23;LA PAZ;Hombre;AREA URBANO;33;82;1427;1228;Domiciliario
1134;22;SANTA CRUZ;Mujer;AREA URBANO;34;71;1280;960;Domiciliario
1135;27;SANTA CRUZ;Hombre;AREA URBANO;23;69;1164;897;Domiciliario
1136;28;LA PAZ;Hombre;AREA URBANO;17;92;1258;692;Domiciliario
1137;23;EL ALTO;Hombre;AREA URBANO;25;76;1065;906;Domiciliario
1138;25;SANTA CRUZ;Mujer;AREA URBANO;35;81;1376;936;Domiciliario
1139;25;CHUQUISACA;Hombre;AREA URBANO;12;92;1284;758;Domiciliario
1140;24;SANTA CRUZ;Mujer;AREA URBANO;13;52;1401;967;Domiciliario
1141;23;SANTA CRUZ;Hombre;AREA URBANO;28;63;1249;975;Domiciliario
1142;28;LA PAZ;Hombre;AREA URBANO;23;79;1231;801;Domiciliario
1143;25;ORURO;Hombre;AREA URBANO;26;75;1455;1194;Domiciliario
1144;23;LA PAZ;Mujer;AREA URBANO;26;68;856;583;Domiciliario
1145;25;LA PAZ;Hombre;AREA URBANO;15;81;829;581;Domiciliario
1146;86;COCHABAMBA;Hombre;AREA URBANO;23;83;920;598;Domiciliario
1147;28;EL ALTO;Hombre;AREA URBANO;19;52;1387;1207;Domiciliario
1148;26;LA PAZ;Mujer;AREA URBANO;35;75;1496;1317;Domiciliario
1149;24;LA PAZ;Mujer;AREA URBANO;16;85;1418;979;Domiciliario
1150;25;LA PAZ;Mujer;AREA URBANO;19;85;1170;901;Domiciliario
1151;20;LA PAZ;Mujer;AREA URBANO;26;88;1297;766;Domiciliario
1152;21;PANDO;Hombre;AREA URBANO;24;53;950;656;Domiciliario
1153;24;EL ALTO;Hombre;AREA URBANO;15;60;1334;1174;Domiciliario
1154;26;LA PAZ;Mujer;AREA URBANO;34;67;1043;824;Domiciliario
1155;21;SANTA CRUZ;Hombre;AREA URBANO;23;52;1283;796;Domiciliario
1156;19;LA PAZ;Hombre;AREA URBANO;19;74;1240;1079;Domiciliario
1157;20;EL ALTO;Hombre;AREA URBANO;18;66;1342;1141;Domiciliario
1158;28;SANTA CRUZ;Mujer;AREA URBANO;39;79;1182;911;Domiciliario
1159;28;SANTA CRUZ;Hombre;AREA URBANO;25;81;1196;1005;Domiciliario
1160;21;EL ALTO;Mujer;AREA URBANO;39;60;871;488;Domiciliario
1161;20;LA PAZ;Mujer;AREA URBANO;17;66;1049;787;Domiciliario
1162;24;LA PAZ;Hombre;AREA URBANO;30;69;1071;718;Domiciliario
1163;28;EL ALTO;Mujer;AREA URBANO;22;63;1395;879;Domiciliario
1164;20;CHUQUISACA;Hombre;AREA URBANO;23;89;1097;922;Domiciliario
1165;28;POTOSI;Hombre;AREA URBANO;27;55;1438;1007;Domiciliario
1166;27;PANDO;Mujer;AREA URBANO;15;59;1329;984;Domiciliario
1167;24;LA PAZ;Hombre;AREA URBANO;12;92;1334;828;Domiciliario
1168;25;COCHABAMBA;Hombre;AREA URBANO;26;108;1303;860;Domiciliario
1169;25;EL ALTO;Hombre;AREA URBANO;34;57;1055;855;Domiciliario
1170;23;EL ALTO;Hombre;AREA URBANO;20;59;1249;900;Domiciliario
1171;23;SANTA CRUZ;Hombre;AREA URBANO;33;87;1486;1145;Domiciliario
1172;28;SANTA CRUZ;Hombre;AREA URBANO;22;84;1483;1083;Domiciliario
1173;26;LA PAZ;Hombre;AREA URBANO;35;66;1051;862;Domiciliario
1174;23;TARIJA;Hombre;AREA URBANO;35;61;1246;910;Domiciliario
1175;23;LA PAZ;Mujer;AREA URBANO;18;79;1349;918;Domiciliario
1176;25;SANTA CRUZ;Mujer;AREA URBANO;14;73;1022;563;Domiciliario
1177;23;SANTA CRUZ;Hombre;AREA URBANO;20;67;1035;684;Domiciliario
1178;19;EL ALTO;Hombre;AREA URBANO;27;61;1311;735;Domiciliario
1179;21;EL ALTO;Hombre;AREA URBANO;13;77;1220;781;Domiciliario
1180;23;EL ALTO;Mujer;AREA URBANO;12;61;1026;606;Domiciliario
1181;19;EL ALTO;Hombre;AREA URBANO;20;53;1383;941;Domiciliario
1182;21;SANTA CRUZ;Hombre;AREA URBANO;31;52;1295;855;Domiciliario
1183;22;ORURO;Hombre;AREA URBANO;30;63;821;526;Domiciliario
1184;27;EL ALTO;Hombre;AREA URBANO;22;73;1426;1041;Domiciliario
1185;21;EL ALTO;Hombre;AREA URBANO;23;73;1422;1095;Domiciliario
1186;28;COCHABAMBA;Hombre;AREA URBANO;27;77;1272;878;Domiciliario
1187;19;LA PAZ;Mujer;AREA URBANO;22;73;1349;877;Domiciliario
1188;26;SANTA CRUZ;Mujer;AREA URBANO;36;74;1071;868;Domiciliario
1189;22;EL ALTO;Hombre;AREA URBANO;15;73;846;627;Domiciliario
1190;25;COCHABAMBA;Hombre;AREA URBANO;17;76;1201;721;Domiciliario
1191;19;PANDO;Hombre;AREA URBANO;19;54;1248;762;Domiciliario
1192;19;LA PAZ;Mujer;AREA URBANO;27;89;1325;1021;Domiciliario
1193;19;COCHABAMBA;Hombre;AREA URBANO;32;80;1451;813;Domiciliario
1194;22;COCHABAMBA;Mujer;AREA URBANO;32;75;1490;1297;Domiciliario
1195;24;EL ALTO;Hombre;AREA URBANO;28;59;767;491;Domiciliario
1196;25;TARIJA;Hombre;AREA URBANO;37;53;777;544;Domiciliario
1197;25;LA PAZ;Hombre;AREA URBANO;32;88;1002;812;Domiciliario
1198;21;SANTA CRUZ;Mujer;AREA URBANO;12;77;1398;923;Domiciliario
1199;19;LA PAZ;Hombre;AREA URBANO;38;78;1478;1109;Domiciliario
1200;27;TARIJA;Hombre;AREA URBANO;33;52;1300;1092;Domiciliario
1201;19;LA PAZ;Mujer;AREA URBANO;33;91;957;776;Domiciliario
1202;24;LA PAZ;Mujer;AREA URBANO;17;87;1439;1137;Domiciliario
1203;28;EL ALTO;Mujer;AREA URBANO;12;63;760;449;Domiciliario
1204;22;LA PAZ;Mujer;AREA URBANO;33;88;863;510;Domiciliario
1205;24;SANTA CRUZ;Hombre;AREA URBANO;30;63;1017;682;Domiciliario
1206;24;TARIJA;Hombre;AREA URBANO;36;69;904;642;Domiciliario
1207;21;SANTA CRUZ;Mujer;AREA URBANO;16;81;1092;787;Domiciliario
1208;21;COCHABAMBA;Mujer;AREA URBANO;24;75;994;676;Domiciliario
1209;20;LA PAZ;Hombre;AREA URBANO;16;73;1127;846;Domiciliario
1210;24;LA PAZ;Hombre;AREA URBANO;34;85;927;510;Domiciliario
1211;28;LA PAZ;Hombre;AREA URBANO;15;83;995;777;Domiciliario
1212;21;EL ALTO;Hombre;AREA URBANO;33;62;762;534;Domiciliario
1213;22;EL ALTO;Hombre;AREA URBANO;17;61;1409;1240;Domiciliario
1214;26;ORURO;Hombre;AREA URBANO;39;59;1091;601;Domiciliario
1215;26;SANTA CRUZ;Mujer;AREA URBANO;22;58;1053;790;Domiciliario
1216;23;LA PAZ;Hombre;AREA URBANO;35;65;1160;894;Domiciliario
1217;23;SANTA CRUZ;Hombre;AREA URBANO;33;71;965;560;Domiciliario
1218;21;CHUQUISACA;Hombre;AREA URBANO;27;78;1074;688;Domiciliario
1219;25;COCHABAMBA;Hombre;AREA URBANO;15;60;1430;1116;Domiciliario
1220;20;ORURO;Mujer;AREA URBANO;17;69;826;686;Domiciliario
1221;26;ORURO;Hombre;AREA URBANO;17;66;940;630;Domiciliario
1222;24;LA PAZ;Hombre;AREA URBANO;34;86;1229;971;Domiciliario
1223;22;SANTA CRUZ;Hombre;AREA URBANO;32;87;1382;774;Domiciliario
1224;20;CHUQUISACA;Hombre;AREA URBANO;20;85;1106;896;Domiciliario
1225;22;POTOSI;Hombre;AREA URBANO;26;71;829;481;Domiciliario
1226;22;SANTA CRUZ;Hombre;AREA URBANO;26;85;1202;890;Domiciliario
1227;25;ORURO;Hombre;AREA URBANO;38;80;1441;1225;Domiciliario
1228;25;CHUQUISACA;Mujer;AREA URBANO;26;88;1432;860;Domiciliario
1229;22;EL ALTO;Mujer;AREA URBANO;26;56;1291;891;Domiciliario
1230;23;POTOSI;Hombre;AREA URBANO;32;81;828;472;Domiciliario
1231;20;COCHABAMBA;Mujer;AREA URBANO;23;70;776;582;Domiciliario
1232;20;SANTA CRUZ;Hombre;AREA URBANO;25;75;1136;841;Domiciliario
1233;27;COCHABAMBA;Hombre;AREA URBANO;19;66;1448;971;Domiciliario
1234;28;SANTA CRUZ;Hombre;AREA URBANO;21;61;1267;989;Domiciliario
1235;25;EL ALTO;Mujer;AREA URBANO;14;70;880;748;Domiciliario
1236;27;SANTA CRUZ;Hombre;AREA URBANO;15;61;1447;898;Domiciliario
1237;19;CHUQUISACA;Hombre;AREA URBANO;13;91;1375;908;Domiciliario
1238;20;SANTA CRUZ;Mujer;AREA URBANO;15;52;1097;911;Domiciliario
1239;22;LA PAZ;Hombre;AREA URBANO;17;72;884;487;Domiciliario
1240;22;EL ALTO;Hombre;AREA URBANO;30;71;1319;1135;Domiciliario
1241;21;LA PAZ;Hombre;AREA URBANO;38;86;855;719;Domiciliario
1242;21;POTOSI;Mujer;AREA URBANO;34;83;1302;1042;Domiciliario
1243;23;EL ALTO;Hombre;AREA URBANO;13;62;1054;612;Domiciliario
1244;27;LA PAZ;Hombre;AREA URBANO;12;68;944;784;Domiciliario
1245;24;SANTA CRUZ;Hombre;AREA URBANO;31;54;1301;963;Domiciliario
1246;21;LA PAZ;Hombre;AREA URBANO;33;75;1179;944;Domiciliario
1247;25;SANTA CRUZ;Mujer;AREA URBANO;32;86;1145;974;Domiciliario
1248;20;LA PAZ;Hombre;AREA URBANO;26;73;835;685;Domiciliario
1249;24;SANTA CRUZ;Hombre;AREA URBANO;24;80;1437;978;Domiciliario
1250;21;LA PAZ;Mujer;AREA URBANO;27;78;1312;906;Domiciliario
1251;27;COCHABAMBA;Hombre;AREA URBANO;26;71;1375;784;Domiciliario
1252;19;EL ALTO;Mujer;AREA URBANO;12;61;867;477;Domiciliario
1253;20;CHUQUISACA;Mujer;AREA URBANO;34;83;1363;873;Domiciliario
1254;22;ORURO;Mujer;AREA URBANO;21;61;1125;900;Domiciliario
1255;21;LA PAZ;Hombre;AREA URBANO;22;91;1480;1036;Domiciliario
1256;22;EL ALTO;Hombre;AREA URBANO;34;62;809;478;Domiciliario
1257;26;EL ALTO;Hombre;AREA URBANO;39;54;1282;975;Domiciliario
1258;22;EL ALTO;Hombre;AREA URBANO;19;68;1191;822;Domiciliario
1259;26;EL ALTO;Mujer;AREA URBANO;14;73;1288;979;Domiciliario
1260;25;PANDO;Hombre;AREA URBANO;17;52;1093;656;Domiciliario
1261;25;LA PAZ;Hombre;AREA URBANO;22;69;1056;666;Domiciliario
1262;23;SANTA CRUZ;Hombre;AREA URBANO;31;81;1025;595;Domiciliario
1263;23;EL ALTO;Mujer;AREA URBANO;13;77;1354;867;Domiciliario
1264;21;CHUQUISACA;Mujer;AREA URBANO;36;78;871;541;Domiciliario
1265;26;LA PAZ;Hombre;AREA URBANO;20;74;1321;1004;Domiciliario
1266;22;COCHABAMBA;Hombre;AREA URBANO;15;75;817;613;Domiciliario
1267;23;LA PAZ;Mujer;AREA URBANO;37;83;1035;684;Domiciliario
1268;25;ORURO;Mujer;AREA URBANO;32;71;1326;1008;Domiciliario
1269;20;SANTA CRUZ;Hombre;AREA URBANO;13;52;1155;994;Domiciliario
1270;19;LA PAZ;Mujer;AREA URBANO;30;80;1294;867;Domiciliario
1271;26;ORURO;Hombre;AREA URBANO;30;77;1466;1261;Domiciliario
1272;26;EL ALTO;Mujer;AREA URBANO;19;53;1103;662;Domiciliario
1273;19;LA PAZ;Hombre;AREA URBANO;36;71;750;563;Domiciliario
1274;26;PANDO;Mujer;AREA URBANO;21;58;873;655;Domiciliario
1275;20;COCHABAMBA;Hombre;AREA URBANO;20;79;1003;622;Domiciliario
1276;28;EL ALTO;Hombre;AREA URBANO;29;63;1148;781;Domiciliario
1277;19;LA PAZ;Hombre;AREA URBANO;28;77;1369;1164;Domiciliario
1278;21;LA PAZ;Hombre;AREA URBANO;24;70;1130;848;Domiciliario
1279;28;LA PAZ;Hombre;AREA URBANO;33;66;1089;643;Domiciliario
1280;27;SANTA CRUZ;Hombre;AREA URBANO;33;61;1387;847;Domiciliario
1281;25;LA PAZ;Mujer;AREA URBANO;17;70;1136;705;Domiciliario
1282;28;PANDO;Hombre;AREA URBANO;17;51;1460;1110;Domiciliario
1283;24;EL ALTO;Mujer;AREA URBANO;15;66;896;655;Domiciliario
1284;27;LA PAZ;Mujer;AREA URBANO;37;75;1052;853;Domiciliario
1285;22;EL ALTO;Hombre;AREA URBANO;23;63;768;492;Domiciliario
1286;23;LA PAZ;Hombre;AREA URBANO;39;74;1484;1173;Domiciliario
1287;27;LA PAZ;Hombre;AREA URBANO;12;68;1357;1181;Domiciliario
1288;19;EL ALTO;Mujer;AREA URBANO;34;77;759;555;Domiciliario
1289;21;LA PAZ;Hombre;AREA URBANO;13;86;1389;1014;Domiciliario
1290;26;SANTA CRUZ;Mujer;AREA URBANO;20;69;1132;872;Domiciliario
1291;21;ORURO;Hombre;AREA URBANO;35;67;1219;988;Domiciliario
1292;28;EL ALTO;Hombre;AREA URBANO;18;58;1159;742;Domiciliario
1293;28;SANTA CRUZ;Hombre;AREA URBANO;30;57;1483;846;Domiciliario
1294;19;EL ALTO;Hombre;AREA URBANO;13;70;1439;1267;Domiciliario
1295;26;EL ALTO;Hombre;AREA URBANO;13;75;1490;1178;Domiciliario
1296;21;SANTA CRUZ;Hombre;AREA URBANO;36;52;892;598;Domiciliario
1297;27;SANTA CRUZ;Mujer;AREA URBANO;34;71;906;752;Domiciliario
1298;24;TARIJA;Hombre;AREA URBANO;37;72;849;476;Domiciliario
1299;26;CHUQUISACA;Hombre;AREA URBANO;36;94;1347;943;Domiciliario
1300;27;COCHABAMBA;Hombre;AREA URBANO;35;74;1369;1055;Domiciliario
1301;24;SANTA CRUZ;Hombre;AREA URBANO;24;62;1335;1149;Domiciliario
1302;23;CHUQUISACA;Hombre;AREA URBANO;28;87;1372;1029;Domiciliario
1303;19;LA PAZ;Hombre;AREA URBANO;23;82;1269;711;Domiciliario
1304;27;LA PAZ;Hombre;AREA URBANO;13;73;1362;1117;Domiciliario
1305;22;ORURO;Mujer;AREA URBANO;37;58;1359;1088;Domiciliario
1306;23;COCHABAMBA;Hombre;AREA URBANO;16;77;1069;631;Domiciliario
1307;24;COCHABAMBA;Hombre;AREA URBANO;16;67;1046;586;Domiciliario
1308;23;EL ALTO;Mujer;AREA URBANO;21;56;973;740;Domiciliario
1309;24;COCHABAMBA;Mujer;AREA URBANO;33;82;1474;1209;Domiciliario
1310;19;SANTA CRUZ;Mujer;AREA URBANO;20;67;1354;1165;Domiciliario
1311;22;EL ALTO;Hombre;AREA URBANO;37;73;1063;638;Domiciliario
1312;21;SANTA CRUZ;Hombre;AREA URBANO;27;71;828;597;Domiciliario
1313;28;EL ALTO;Hombre;AREA URBANO;39;69;1449;986;Domiciliario
1314;22;ORURO;Mujer;AREA URBANO;31;64;1367;985;Domiciliario
1315;19;EL ALTO;Hombre;AREA URBANO;21;64;1343;766;Domiciliario
1316;24;SANTA CRUZ;Mujer;AREA URBANO;25;81;981;844;Domiciliario
1317;19;LA PAZ;Mujer;AREA URBANO;36;65;936;721;Domiciliario
1318;21;SANTA CRUZ;Hombre;AREA URBANO;12;79;1448;1086;Domiciliario
1319;23;LA PAZ;Mujer;AREA URBANO;37;82;977;743;Domiciliario
1320;25;SANTA CRUZ;Hombre;AREA URBANO;38;56;1224;735;Domiciliario
1321;26;EL ALTO;Hombre;AREA URBANO;37;66;1042;876;Domiciliario
1322;27;COCHABAMBA;Hombre;AREA URBANO;26;83;1403;1081;Domiciliario
1323;22;SANTA CRUZ;Hombre;AREA URBANO;21;59;1132;646;Domiciliario
1324;23;TARIJA;Hombre;AREA URBANO;32;55;949;712;Domiciliario
1325;26;SANTA CRUZ;Mujer;AREA URBANO;15;78;1208;810;Domiciliario
1326;22;SANTA CRUZ;Hombre;AREA URBANO;12;61;1147;895;Domiciliario
1327;20;EL ALTO;Mujer;AREA URBANO;30;69;778;452;Domiciliario
1328;20;COCHABAMBA;Hombre;AREA URBANO;37;75;1337;990;Domiciliario
1329;24;SANTA CRUZ;Hombre;AREA URBANO;13;64;917;725;Domiciliario
1330;24;PANDO;Hombre;AREA URBANO;31;53;1235;1038;Domiciliario
1331;19;LA PAZ;Hombre;AREA URBANO;14;80;1081;952;Domiciliario
1332;24;POTOSI;Hombre;AREA URBANO;14;58;997;698;Domiciliario
1333;27;SANTA CRUZ;Hombre;AREA URBANO;20;69;1440;1138;Domiciliario
1334;20;LA PAZ;Hombre;AREA URBANO;39;84;1355;1044;Domiciliario
1335;19;SANTA CRUZ;Mujer;AREA URBANO;20;84;1457;1064;Domiciliario
1336;28;LA PAZ;Hombre;AREA URBANO;26;78;1042;772;Domiciliario
1337;21;SANTA CRUZ;Hombre;AREA URBANO;31;78;799;648;Domiciliario
1338;22;SANTA CRUZ;Hombre;AREA URBANO;35;85;1011;668;Domiciliario
1339;25;LA PAZ;Hombre;AREA URBANO;31;88;1077;937;Domiciliario
1340;28;CHUQUISACA;Hombre;AREA URBANO;35;87;1210;714;Domiciliario
1341;22;COCHABAMBA;Mujer;AREA URBANO;37;70;1179;920;Domiciliario
1342;27;LA PAZ;Mujer;AREA URBANO;26;72;835;518;Domiciliario
1343;25;SANTA CRUZ;Hombre;AREA URBANO;18;80;1155;971;Domiciliario
1344;27;POTOSI;Mujer;AREA URBANO;14;58;1212;728;Domiciliario
1345;20;SANTA CRUZ;Hombre;AREA URBANO;35;83;1016;732;Domiciliario
1346;23;EL ALTO;Hombre;AREA URBANO;16;77;1198;803;Domiciliario
1347;22;EL ALTO;Mujer;AREA URBANO;26;71;798;567;Domiciliario
1348;23;LA PAZ;Mujer;AREA URBANO;39;71;1276;843;Domiciliario
1349;22;LA PAZ;Hombre;AREA URBANO;13;77;1081;811;Domiciliario
1350;26;SANTA CRUZ;Hombre;AREA URBANO;28;58;1260;870;Domiciliario
1351;26;EL ALTO;Hombre;AREA URBANO;37;68;861;681;Domiciliario
1352;27;LA PAZ;Hombre;AREA URBANO;17;72;1270;762;Domiciliario
1353;26;SANTA CRUZ;Hombre;AREA URBANO;24;87;924;509;Domiciliario
1354;19;COCHABAMBA;Hombre;AREA URBANO;38;70;898;548;Domiciliario
1355;25;LA PAZ;Mujer;AREA URBANO;32;74;1387;888;Domiciliario
1356;28;EL ALTO;Mujer;AREA URBANO;12;56;809;534;Domiciliario
1357;23;EL ALTO;Hombre;AREA URBANO;31;66;1187;760;Domiciliario
1358;19;LA PAZ;Hombre;AREA URBANO;34;89;1335;1109;Domiciliario
1359;24;LA PAZ;Mujer;AREA URBANO;33;74;895;636;Domiciliario
1360;25;TARIJA;Hombre;AREA URBANO;29;74;1436;862;Domiciliario
1361;22;COCHABAMBA;Mujer;AREA URBANO;17;75;953;820;Domiciliario
1362;24;SANTA CRUZ;Mujer;AREA URBANO;25;53;950;523;Domiciliario
1363;21;LA PAZ;Hombre;AREA URBANO;15;76;1197;1006;Domiciliario
1364;22;EL ALTO;Hombre;AREA URBANO;15;55;889;569;Domiciliario
1365;25;SANTA CRUZ;Mujer;AREA URBANO;15;67;1365;997;Domiciliario
1366;26;EL ALTO;Hombre;AREA URBANO;25;58;758;546;Domiciliario
1367;20;EL ALTO;Hombre;AREA URBANO;16;58;1418;1248;Domiciliario
1368;23;PANDO;Mujer;AREA URBANO;30;58;904;642;Domiciliario
1369;22;SANTA CRUZ;Mujer;AREA URBANO;15;69;906;707;Domiciliario
1370;25;LA PAZ;Mujer;AREA URBANO;34;79;874;621;Domiciliario
1371;21;SANTA CRUZ;Mujer;AREA URBANO;31;62;873;690;Domiciliario
1372;21;EL ALTO;Hombre;AREA URBANO;18;70;1078;938;Domiciliario
1373;21;EL ALTO;Hombre;AREA URBANO;35;62;1307;811;Domiciliario
1374;27;SANTA CRUZ;Hombre;AREA URBANO;38;71;1234;766;Domiciliario
1375;20;LA PAZ;Mujer;AREA URBANO;23;77;881;661;Domiciliario
1376;22;POTOSI;Hombre;AREA URBANO;34;74;1495;1271;Domiciliario
1377;25;LA PAZ;Hombre;AREA URBANO;34;76;1358;788;Domiciliario
1378;28;LA PAZ;Hombre;AREA URBANO;34;84;1102;871;Domiciliario
1379;21;LA PAZ;Mujer;AREA URBANO;12;82;1347;1078;Domiciliario
1380;23;EL ALTO;Mujer;AREA URBANO;13;52;830;631;Domiciliario
1381;19;SANTA CRUZ;Mujer;AREA URBANO;16;60;1275;778;Domiciliario
1382;27;LA PAZ;Mujer;AREA URBANO;38;79;1475;1092;Domiciliario
1383;23;LA PAZ;Hombre;AREA URBANO;38;80;1002;782;Domiciliario
1384;20;COCHABAMBA;Mujer;AREA URBANO;24;83;779;670;Domiciliario
1385;26;SANTA CRUZ;Hombre;AREA URBANO;27;85;1281;782;Domiciliario
1386;23;LA PAZ;Mujer;AREA URBANO;37;81;800;552;Domiciliario
1387;25;LA PAZ;Hombre;AREA URBANO;26;76;1146;711;Domiciliario
1388;28;LA PAZ;Mujer;AREA URBANO;28;67;915;540;Domiciliario
1389;25;COCHABAMBA;Mujer;AREA URBANO;25;70;1367;1176;Domiciliario
1390;27;COCHABAMBA;Hombre;AREA URBANO;39;84;1169;994;Domiciliario
1391;28;LA PAZ;Hombre;AREA URBANO;32;86;859;482;Domiciliario
1392;25;TARIJA;Hombre;AREA URBANO;29;54;1165;758;Domiciliario
1393;27;LA PAZ;Hombre;AREA URBANO;27;77;1314;881;Domiciliario
1394;23;POTOSI;Hombre;AREA URBANO;33;63;1195;753;Domiciliario
1395;25;EL ALTO;Hombre;AREA URBANO;19;76;899;531;Domiciliario
1396;21;EL ALTO;Mujer;AREA URBANO;12;66;755;484;Domiciliario
1397;26;LA PAZ;Hombre;AREA URBANO;18;87;1303;1147;Domiciliario
1398;24;CHUQUISACA;Mujer;AREA URBANO;32;85;753;460;Domiciliario
1399;22;TARIJA;Mujer;AREA URBANO;23;58;1466;1027;Domiciliario
1400;27;EL ALTO;Hombre;AREA URBANO;29;72;1004;723;Domiciliario
1401;27;COCHABAMBA;Hombre;AREA URBANO;17;72;793;643;Domiciliario
1402;23;LA PAZ;Hombre;AREA URBANO;29;90;1076;732;Domiciliario
1403;28;LA PAZ;Hombre;AREA URBANO;30;66;958;738;Domiciliario
1404;28;LA PAZ;Hombre;AREA URBANO;27;76;1055;697;Domiciliario
1405;22;SANTA CRUZ;Mujer;AREA URBANO;20;53;1042;761;Domiciliario
1406;23;EL ALTO;Hombre;AREA URBANO;13;66;796;454;Domiciliario
1407;27;COCHABAMBA;Mujer;AREA URBANO;27;63;1151;979;Domiciliario
1408;19;SANTA CRUZ;Mujer;AREA URBANO;25;66;1154;878;Domiciliario
1409;23;LA PAZ;Mujer;AREA URBANO;38;86;779;569;Domiciliario
1410;28;LA PAZ;Hombre;AREA URBANO;24;90;1132;748;Domiciliario
1411;25;LA PAZ;Hombre;AREA URBANO;17;77;1429;1072;Domiciliario
1412;23;LA PAZ;Hombre;AREA URBANO;27;80;872;541;Domiciliario
1413;24;EL ALTO;Hombre;AREA URBANO;15;54;984;611;Domiciliario
1414;23;LA PAZ;Hombre;AREA URBANO;19;92;1137;683;Domiciliario
1415;28;LA PAZ;Hombre;AREA URBANO;38;72;1232;826;Domiciliario
1416;26;SANTA CRUZ;Mujer;AREA URBANO;24;67;1324;927;Domiciliario
1417;22;POTOSI;Mujer;AREA URBANO;37;73;1470;1147;Domiciliario
1418;20;TARIJA;Hombre;AREA URBANO;16;54;945;558;Domiciliario
1419;23;LA PAZ;Hombre;AREA URBANO;39;87;1054;665;Domiciliario
1420;21;COCHABAMBA;Hombre;AREA URBANO;33;78;906;798;Domiciliario
1421;24;EL ALTO;Hombre;AREA URBANO;16;59;1206;977;Domiciliario
1422;19;LA PAZ;Mujer;AREA URBANO;20;91;1268;723;Domiciliario
1423;23;LA PAZ;Hombre;AREA URBANO;28;79;815;587;Domiciliario
1424;27;SANTA CRUZ;Hombre;AREA URBANO;19;78;753;452;Domiciliario
1425;24;COCHABAMBA;Mujer;AREA URBANO;35;71;1036;798;Domiciliario
1426;26;EL ALTO;Hombre;AREA URBANO;13;53;1045;857;Domiciliario
1427;20;COCHABAMBA;Hombre;AREA URBANO;38;68;1129;859;Domiciliario
1428;21;SANTA CRUZ;Hombre;AREA URBANO;19;75;816;588;Domiciliario
1429;23;POTOSI;Hombre;AREA URBANO;23;55;956;717;Domiciliario
1430;21;EL ALTO;Mujer;AREA URBANO;22;76;904;525;Domiciliario
1431;20;COCHABAMBA;Mujer;AREA URBANO;17;71;809;494;Domiciliario
1432;21;SANTA CRUZ;Hombre;AREA URBANO;22;82;1486;937;Domiciliario
1433;23;EL ALTO;Hombre;AREA URBANO;36;71;1309;864;Domiciliario
1434;27;LA PAZ;Mujer;AREA URBANO;17;92;1073;913;Domiciliario
1435;20;CHUQUISACA;Hombre;AREA URBANO;12;89;1369;849;Domiciliario
1436;22;POTOSI;Mujer;AREA URBANO;39;85;1129;938;Domiciliario
1437;26;LA PAZ;Hombre;AREA URBANO;14;83;989;584;Domiciliario
1438;22;LA PAZ;Mujer;AREA URBANO;32;81;1058;783;Domiciliario
1439;19;COCHABAMBA;Mujer;AREA URBANO;25;74;1064;586;Domiciliario
1440;20;LA PAZ;Mujer;AREA URBANO;15;67;786;480;Domiciliario
1441;25;SANTA CRUZ;Hombre;AREA URBANO;36;73;1038;727;Domiciliario
1442;20;LA PAZ;Hombre;AREA URBANO;38;71;1280;1050;Domiciliario
1443;24;LA PAZ;Hombre;AREA URBANO;35;81;1035;642;Domiciliario
1444;20;EL ALTO;Hombre;AREA URBANO;39;62;1457;948;Domiciliario
1445;20;ORURO;Hombre;AREA URBANO;24;76;827;579;Domiciliario
1446;28;COCHABAMBA;Hombre;AREA URBANO;39;78;1034;600;Domiciliario
1447;27;SANTA CRUZ;Mujer;AREA URBANO;33;72;1261;921;Domiciliario
1448;28;EL ALTO;Mujer;AREA URBANO;36;63;1453;1090;Domiciliario
1449;22;LA PAZ;Mujer;AREA URBANO;17;91;1250;850;Domiciliario
1450;20;LA PAZ;Mujer;AREA URBANO;25;90;1251;1026;Domiciliario
1451;27;COCHABAMBA;Mujer;AREA URBANO;25;65;1177;660;Domiciliario
1452;21;PANDO;Hombre;AREA URBANO;36;58;789;482;Domiciliario
1453;26;LA PAZ;Mujer;AREA URBANO;37;70;1180;885;Domiciliario
1454;28;EL ALTO;Mujer;AREA URBANO;21;55;816;604;Domiciliario
1455;19;LA PAZ;Hombre;AREA URBANO;27;84;1184;746;Domiciliario
1456;28;SANTA CRUZ;Hombre;AREA URBANO;18;61;1148;643;Domiciliario
1457;23;CHUQUISACA;Hombre;AREA URBANO;16;83;1238;768;Domiciliario
1458;28;LA PAZ;Hombre;AREA URBANO;18;89;794;652;Domiciliario
1459;25;CHUQUISACA;Mujer;AREA URBANO;37;76;1466;1232;Domiciliario
1460;23;SANTA CRUZ;Mujer;AREA URBANO;38;88;778;545;Domiciliario
1461;25;LA PAZ;Hombre;AREA URBANO;13;80;794;477;Domiciliario
1462;23;EL ALTO;Hombre;AREA URBANO;20;66;1480;1110;Domiciliario
1463;25;COCHABAMBA;Hombre;AREA URBANO;20;76;1132;736;Domiciliario
1464;19;SANTA CRUZ;Hombre;AREA URBANO;37;56;808;687;Domiciliario
1465;23;LA PAZ;Hombre;AREA URBANO;23;75;1058;614;Domiciliario
1466;27;TARIJA;Hombre;AREA URBANO;38;64;823;725;Domiciliario
1467;27;EL ALTO;Mujer;AREA URBANO;19;55;1427;914;Domiciliario
1468;25;SANTA CRUZ;Hombre;AREA URBANO;37;81;986;701;Domiciliario
1469;24;COCHABAMBA;Hombre;AREA URBANO;30;68;1140;855;Domiciliario
1470;20;TARIJA;Mujer;AREA URBANO;38;73;1283;963;Domiciliario
1471;25;LA PAZ;Hombre;AREA URBANO;17;81;1401;939;Domiciliario
1472;20;COCHABAMBA;Hombre;AREA URBANO;26;85;1311;1089;Domiciliario
1473;19;EL ALTO;Mujer;AREA URBANO;28;59;1204;867;Domiciliario
1474;28;EL ALTO;Hombre;AREA URBANO;30;56;943;642;Domiciliario
1475;26;ORURO;Hombre;AREA URBANO;26;60;1322;1098;Domiciliario
1476;27;EL ALTO;Hombre;AREA URBANO;29;75;909;791;Domiciliario
1477;20;SANTA CRUZ;Hombre;AREA URBANO;15;54;1294;1062;Domiciliario
1478;28;ORURO;Hombre;AREA URBANO;17;61;1015;853;Domiciliario
1479;27;CHUQUISACA;Hombre;AREA URBANO;23;87;833;650;Domiciliario
1480;27;LA PAZ;Hombre;AREA URBANO;29;78;1179;908;Domiciliario
1481;28;SANTA CRUZ;Hombre;AREA URBANO;19;81;1309;995;Domiciliario
1482;21;LA PAZ;Hombre;AREA URBANO;14;86;1132;929;Domiciliario
1483;24;COCHABAMBA;Hombre;AREA URBANO;34;72;803;563;Domiciliario
1484;27;PANDO;Hombre;AREA URBANO;29;54;936;581;Domiciliario
1485;26;SANTA CRUZ;Hombre;AREA URBANO;38;76;1392;975;Domiciliario
1486;28;COCHABAMBA;Hombre;AREA URBANO;25;62;1498;1064;Domiciliario
1487;23;LA PAZ;Hombre;AREA URBANO;18;75;949;798;Domiciliario
1488;19;LA PAZ;Hombre;AREA URBANO;18;79;1093;897;Domiciliario
1489;23;SANTA CRUZ;Hombre;AREA URBANO;16;88;1194;920;Domiciliario
1490;24;SANTA CRUZ;Hombre;AREA URBANO;35;54;1472;1149;Domiciliario
1491;23;POTOSI;Mujer;AREA URBANO;18;82;902;632;Domiciliario
1492;27;ORURO;Hombre;AREA URBANO;13;57;903;615;Domiciliario
1493;28;EL ALTO;Mujer;AREA URBANO;30;69;1289;967;Domiciliario
1494;25;SANTA CRUZ;Mujer;AREA URBANO;29;63;882;503;Domiciliario
1495;21;COCHABAMBA;Hombre;AREA URBANO;24;72;1394;1032;Domiciliario
1496;24;POTOSI;Mujer;AREA URBANO;38;76;1264;923;Domiciliario
1497;25;COCHABAMBA;Mujer;AREA URBANO;15;74;1240;844;Domiciliario
1498;20;COCHABAMBA;Hombre;AREA URBANO;34;60;939;742;Domiciliario
1499;27;EL ALTO;Hombre;AREA URBANO;15;57;872;750;Domiciliario
1500;25;EL ALTO;Hombre;AREA URBANO;20;64;1237;1064;Domiciliario
1501;23;ORURO;Hombre;AREA URBANO;14;77;811;511;Domiciliario
1502;25;SANTA CRUZ;Hombre;AREA URBANO;37;66;1302;1107;Domiciliario
1503;27;COCHABAMBA;Hombre;AREA URBANO;27;76;1495;1286;Domiciliario
1504;25;CHUQUISACA;Hombre;AREA URBANO;21;86;811;576;Domiciliario
1505;23;POTOSI;Hombre;AREA URBANO;14;66;1224;931;Domiciliario
1506;25;EL ALTO;Hombre;AREA URBANO;36;72;1210;678;Domiciliario
1507;25;COCHABAMBA;Mujer;AREA URBANO;30;80;1489;1236;Domiciliario
1508;23;COCHABAMBA;Hombre;AREA URBANO;24;71;983;580;Domiciliario
1509;23;LA PAZ;Hombre;AREA URBANO;21;73;827;646;Domiciliario
1510;24;LA PAZ;Mujer;AREA URBANO;30;71;1346;1037;Domiciliario
1511;23;COCHABAMBA;Hombre;AREA URBANO;39;81;999;690;Domiciliario
1512;20;EL ALTO;Mujer;AREA URBANO;18;56;1348;1065;Domiciliario
1513;24;COCHABAMBA;Mujer;AREA URBANO;30;76;825;710;Domiciliario
1514;22;EL ALTO;Mujer;AREA URBANO;25;66;804;571;Domiciliario
1515;20;SANTA CRUZ;Mujer;AREA URBANO;18;69;795;454;Domiciliario
1516;24;SANTA CRUZ;Mujer;AREA URBANO;21;80;1359;870;Domiciliario
1517;23;LA PAZ;Hombre;AREA URBANO;38;78;773;580;Domiciliario
1518;22;LA PAZ;Mujer;AREA URBANO;26;85;1149;644;Domiciliario
1519;25;EL ALTO;Hombre;AREA URBANO;30;130;965;695;Domiciliario
1520;25;LA PAZ;Hombre;AREA URBANO;29;89;1155;636;Domiciliario
1521;24;EL ALTO;Hombre;AREA URBANO;31;69;1031;609;Domiciliario
1522;19;SANTA CRUZ;Hombre;AREA URBANO;36;86;1198;911;Domiciliario
1523;23;SANTA CRUZ;Hombre;AREA URBANO;31;78;1008;585;Domiciliario
1524;28;ORURO;Hombre;AREA URBANO;36;61;1219;854;Domiciliario
1525;25;LA PAZ;Mujer;AREA URBANO;34;78;1077;776;Domiciliario
1526;21;LA PAZ;Hombre;AREA URBANO;14;85;1416;1204;Domiciliario
1527;20;ORURO;Mujer;AREA URBANO;13;65;1288;1134;Domiciliario
1528;22;COCHABAMBA;Mujer;AREA URBANO;39;65;811;568;Domiciliario
1529;24;SANTA CRUZ;Hombre;AREA URBANO;28;71;1456;1063;Domiciliario
1530;25;SANTA CRUZ;Hombre;AREA URBANO;30;62;1261;770;Domiciliario
1531;26;LA PAZ;Hombre;AREA URBANO;12;67;860;749;Domiciliario
1532;19;LA PAZ;Hombre;AREA URBANO;29;67;1413;778;Domiciliario
1533;25;TARIJA;Hombre;AREA URBANO;16;70;771;671;Domiciliario
1534;28;SANTA CRUZ;Mujer;AREA URBANO;38;73;867;625;Domiciliario
1535;26;CHUQUISACA;Mujer;AREA URBANO;19;82;1037;654;Domiciliario
1536;23;SANTA CRUZ;Hombre;AREA URBANO;13;68;1396;1117;Domiciliario
1537;24;LA PAZ;Hombre;AREA URBANO;38;90;1169;854;Domiciliario
1538;23;LA PAZ;Hombre;AREA URBANO;14;88;1475;1018;Domiciliario
1539;27;POTOSI;Hombre;AREA URBANO;20;78;779;460;Domiciliario
1540;27;EL ALTO;Hombre;AREA URBANO;37;57;1114;892;Domiciliario
1541;25;EL ALTO;Hombre;AREA URBANO;29;60;1332;1119;Domiciliario
1542;20;LA PAZ;Hombre;AREA URBANO;38;79;891;758;Domiciliario
1543;23;POTOSI;Mujer;AREA URBANO;21;69;1090;600;Domiciliario
1544;19;LA PAZ;Hombre;AREA URBANO;38;80;1453;858;Domiciliario
1545;26;SANTA CRUZ;Hombre;AREA URBANO;15;52;823;684;Domiciliario
1546;28;COCHABAMBA;Mujer;AREA URBANO;18;85;1405;858;Domiciliario
1547;23;POTOSI;Mujer;AREA URBANO;23;59;1405;1124;Domiciliario
1548;27;LA PAZ;Mujer;AREA URBANO;33;74;1105;796;Domiciliario
1549;20;COCHABAMBA;Mujer;AREA URBANO;28;63;868;704;Domiciliario
1550;20;LA PAZ;Hombre;AREA URBANO;20;74;855;539;Domiciliario
1551;26;COCHABAMBA;Hombre;AREA URBANO;30;63;925;565;Domiciliario
1552;26;PANDO;Hombre;AREA URBANO;13;59;1188;725;Domiciliario
1553;23;SANTA CRUZ;Hombre;AREA URBANO;12;52;1441;980;Domiciliario
1554;26;ORURO;Mujer;AREA URBANO;17;69;1218;695;Domiciliario
1555;22;ORURO;Mujer;AREA URBANO;33;66;1120;975;Domiciliario
1556;22;POTOSI;Mujer;AREA URBANO;18;69;1009;707;Domiciliario
1557;24;TARIJA;Hombre;AREA URBANO;39;69;1258;692;Domiciliario
1558;21;CHUQUISACA;Hombre;AREA URBANO;29;85;965;695;Domiciliario
1559;20;SANTA CRUZ;Mujer;AREA URBANO;34;62;1172;762;Domiciliario
1560;24;SANTA CRUZ;Hombre;AREA URBANO;32;66;832;491;Domiciliario
1561;25;CHUQUISACA;Mujer;AREA URBANO;14;94;1258;969;Domiciliario
1562;27;PANDO;Hombre;AREA URBANO;16;53;1331;839;Domiciliario
1563;20;LA PAZ;Hombre;AREA URBANO;36;85;1235;828;Domiciliario
1564;26;SANTA CRUZ;Hombre;AREA URBANO;35;80;1452;973;Domiciliario
1565;27;SANTA CRUZ;Mujer;AREA URBANO;20;84;1446;1114;Domiciliario
1566;23;ORURO;Mujer;AREA URBANO;17;69;855;676;Domiciliario
1567;27;EL ALTO;Mujer;AREA URBANO;17;56;1380;1215;Domiciliario
1568;27;LA PAZ;Mujer;AREA URBANO;16;92;806;597;Domiciliario
1569;22;COCHABAMBA;Mujer;AREA URBANO;30;84;1108;699;Domiciliario
1570;20;LA PAZ;Hombre;AREA URBANO;34;74;1369;1068;Domiciliario
1571;26;SANTA CRUZ;Hombre;AREA URBANO;36;58;1393;976;Domiciliario
1572;22;LA PAZ;Mujer;AREA URBANO;17;78;1122;842;Domiciliario
1573;28;LA PAZ;Mujer;AREA URBANO;39;65;1449;957;Domiciliario
1574;19;LA PAZ;Hombre;AREA URBANO;17;79;1126;958;Domiciliario
1575;27;CHUQUISACA;Hombre;AREA URBANO;20;81;1016;641;Domiciliario
1576;21;COCHABAMBA;Mujer;AREA URBANO;17;85;960;548;Domiciliario
1577;28;LA PAZ;Hombre;AREA URBANO;34;69;1424;784;Domiciliario
1578;27;SANTA CRUZ;Hombre;AREA URBANO;37;78;1053;580;Domiciliario
1579;19;LA PAZ;Mujer;AREA URBANO;23;89;1215;802;Domiciliario
1580;25;SANTA CRUZ;Hombre;AREA URBANO;19;75;1195;861;Domiciliario
1581;27;LA PAZ;Hombre;AREA URBANO;38;76;1336;1029;Domiciliario
1582;28;SANTA CRUZ;Hombre;AREA URBANO;32;80;1005;794;Domiciliario
1583;21;TARIJA;Hombre;AREA URBANO;28;71;1114;725;Domiciliario
1584;22;SANTA CRUZ;Hombre;AREA URBANO;18;55;1486;1293;Domiciliario
1585;28;SANTA CRUZ;Mujer;AREA URBANO;23;53;784;643;Domiciliario
1586;26;SANTA CRUZ;Hombre;AREA URBANO;17;57;1052;579;Domiciliario
1587;25;LA PAZ;Hombre;AREA URBANO;14;69;947;626;Domiciliario
1588;21;EL ALTO;Hombre;AREA URBANO;30;62;905;688;Domiciliario
1589;19;SANTA CRUZ;Hombre;AREA URBANO;22;55;940;677;Domiciliario
1590;20;COCHABAMBA;Hombre;AREA URBANO;28;83;1113;947;Domiciliario
1591;24;ORURO;Hombre;AREA URBANO;24;77;994;657;Domiciliario
1592;21;EL ALTO;Mujer;AREA URBANO;20;71;978;626;Domiciliario
1593;28;COCHABAMBA;Hombre;AREA URBANO;13;77;969;737;Domiciliario
1594;21;ORURO;Hombre;AREA URBANO;16;60;1077;927;Domiciliario
1595;21;COCHABAMBA;Hombre;AREA URBANO;32;81;1356;909;Domiciliario
1596;24;ORURO;Hombre;AREA URBANO;16;67;1183;852;Domiciliario
1597;25;LA PAZ;Hombre;AREA URBANO;20;71;995;846;Domiciliario
1598;21;COCHABAMBA;Mujer;AREA URBANO;30;74;967;687;Domiciliario
1599;24;CHUQUISACA;Hombre;AREA URBANO;13;77;1422;939;Domiciliario
1600;19;SANTA CRUZ;Hombre;AREA URBANO;14;78;793;682;Domiciliario
1601;28;SANTA CRUZ;Hombre;AREA URBANO;34;78;1178;731;Domiciliario
1602;25;SANTA CRUZ;Hombre;AREA URBANO;27;55;1259;920;Domiciliario
1603;21;SANTA CRUZ;Hombre;AREA URBANO;35;57;1004;854;Domiciliario
1604;25;LA PAZ;Mujer;AREA URBANO;12;68;1253;940;Domiciliario
1605;23;LA PAZ;Hombre;AREA URBANO;33;84;1126;856;Domiciliario
1606;21;LA PAZ;Hombre;AREA URBANO;21;69;1489;834;Domiciliario
1607;21;SANTA CRUZ;Hombre;AREA URBANO;27;88;1308;838;Domiciliario
1608;26;POTOSI;Hombre;AREA URBANO;15;73;1076;861;Domiciliario
1609;28;LA PAZ;Hombre;AREA URBANO;14;88;943;679;Domiciliario
1610;21;COCHABAMBA;Hombre;AREA URBANO;29;71;1169;795;Domiciliario
1611;22;LA PAZ;Mujer;AREA URBANO;31;77;1443;953;Domiciliario
1612;25;LA PAZ;Hombre;AREA URBANO;31;78;1124;765;Domiciliario
1613;25;EL ALTO;Hombre;AREA URBANO;33;70;1271;814;Domiciliario
1614;21;LA PAZ;Hombre;AREA URBANO;39;73;1019;581;Domiciliario
1615;22;COCHABAMBA;Hombre;AREA URBANO;14;81;1202;1022;Domiciliario
1616;26;COCHABAMBA;Hombre;AREA URBANO;21;71;1434;904;Domiciliario
1617;25;LA PAZ;Mujer;AREA URBANO;19;78;937;788;Domiciliario
1618;23;SANTA CRUZ;Hombre;AREA URBANO;38;71;890;677;Domiciliario
1619;27;EL ALTO;Mujer;AREA URBANO;15;77;1060;679;Domiciliario
1620;19;SANTA CRUZ;Mujer;AREA URBANO;16;58;1006;644;Domiciliario
1621;21;LA PAZ;Hombre;AREA URBANO;19;89;966;725;Domiciliario
1622;25;SANTA CRUZ;Hombre;AREA URBANO;19;70;1386;1054;Domiciliario
1623;25;COCHABAMBA;Hombre;AREA URBANO;39;80;1257;830;Domiciliario
1624;26;LA PAZ;Mujer;AREA URBANO;33;105;1358;897;Domiciliario
1625;21;EL ALTO;Mujer;AREA URBANO;38;60;1348;782;Domiciliario
1626;21;LA PAZ;Mujer;AREA URBANO;23;70;903;768;Domiciliario
1627;26;SANTA CRUZ;Hombre;AREA URBANO;39;65;876;640;Domiciliario
1628;19;LA PAZ;Hombre;AREA URBANO;21;68;1244;697;Domiciliario
1629;27;EL ALTO;Hombre;AREA URBANO;12;60;1289;1122;Domiciliario
1630;24;LA PAZ;Hombre;AREA URBANO;32;73;1206;664;Domiciliario
1631;27;LA PAZ;Hombre;AREA URBANO;20;70;1161;813;Domiciliario
1632;20;PANDO;Hombre;AREA URBANO;38;56;864;648;Domiciliario
1633;27;LA PAZ;Hombre;AREA URBANO;12;91;960;663;Domiciliario
1634;21;EL ALTO;Hombre;AREA URBANO;18;61;839;705;Domiciliario
1635;20;EL ALTO;Mujer;AREA URBANO;36;58;1211;788;Domiciliario
1636;21;LA PAZ;Hombre;AREA URBANO;35;69;1431;945;Domiciliario
1637;28;COCHABAMBA;Hombre;AREA URBANO;38;68;1023;686;Domiciliario
1638;19;EL ALTO;Hombre;AREA URBANO;12;62;823;461;Domiciliario
1639;25;LA PAZ;Hombre;AREA URBANO;38;66;1191;953;Domiciliario
1640;20;EL ALTO;Hombre;AREA URBANO;33;55;1179;696;Domiciliario
1641;27;LA PAZ;Mujer;AREA URBANO;20;82;962;539;Domiciliario
1642;19;SANTA CRUZ;Hombre;AREA URBANO;32;61;1485;1144;Domiciliario
1643;20;TARIJA;Hombre;AREA URBANO;13;70;1249;750;Domiciliario
1644;21;EL ALTO;Hombre;AREA URBANO;18;67;979;637;Domiciliario
1645;21;PANDO;Hombre;AREA URBANO;23;55;949;570;Domiciliario
1646;28;TARIJA;Mujer;AREA URBANO;26;72;959;806;Domiciliario
1647;23;LA PAZ;Mujer;AREA URBANO;39;65;882;539;Domiciliario
1648;22;ORURO;Hombre;AREA URBANO;33;68;1165;863;Domiciliario
1649;21;LA PAZ;Hombre;AREA URBANO;32;75;1257;880;Domiciliario
1650;27;SANTA CRUZ;Mujer;AREA URBANO;31;54;1047;639;Domiciliario
1651;21;ORURO;Hombre;AREA URBANO;14;82;1347;741;Domiciliario
1652;24;COCHABAMBA;Hombre;AREA URBANO;25;78;1421;1180;Domiciliario
1653;28;EL ALTO;Hombre;AREA URBANO;14;74;750;608;Domiciliario
1654;20;LA PAZ;Hombre;AREA URBANO;34;74;1166;957;Domiciliario
1655;19;COCHABAMBA;Hombre;AREA URBANO;37;79;764;436;Domiciliario
1656;24;SANTA CRUZ;Hombre;AREA URBANO;29;52;812;715;Domiciliario
1657;25;SANTA CRUZ;Hombre;AREA URBANO;33;54;1335;1095;Domiciliario
1658;28;TARIJA;Mujer;AREA URBANO;13;54;1091;677;Domiciliario
1659;19;CHUQUISACA;Hombre;AREA URBANO;26;86;1236;767;Domiciliario
1660;20;COCHABAMBA;Hombre;AREA URBANO;35;73;1444;1112;Domiciliario
1661;25;EL ALTO;Mujer;AREA URBANO;13;57;999;720;Domiciliario
1662;19;COCHABAMBA;Hombre;AREA URBANO;33;83;914;796;Domiciliario
1663;21;LA PAZ;Hombre;AREA URBANO;19;78;933;672;Domiciliario
1664;23;COCHABAMBA;Hombre;AREA URBANO;33;73;1374;990;Domiciliario
1665;28;PANDO;Hombre;AREA URBANO;18;55;957;690;Domiciliario
1666;21;LA PAZ;Hombre;AREA URBANO;12;84;966;725;Domiciliario
1667;22;LA PAZ;Mujer;AREA URBANO;13;90;1267;1065;Domiciliario
1668;20;SANTA CRUZ;Mujer;AREA URBANO;38;54;1096;812;Domiciliario
1669;24;SANTA CRUZ;Hombre;AREA URBANO;18;69;1357;896;Domiciliario
1670;21;LA PAZ;Hombre;AREA URBANO;22;88;1332;1039;Domiciliario
1671;25;ORURO;Hombre;AREA URBANO;16;64;1263;758;Domiciliario
1672;19;LA PAZ;Hombre;AREA URBANO;25;71;1201;793;Domiciliario
1673;27;COCHABAMBA;Hombre;AREA URBANO;18;64;1161;976;Domiciliario
1674;23;EL ALTO;Mujer;AREA URBANO;25;69;1343;779;Domiciliario
1675;26;EL ALTO;Hombre;AREA URBANO;34;62;1255;791;Domiciliario
1676;21;POTOSI;Hombre;AREA URBANO;29;70;1244;1083;Domiciliario
1677;23;EL ALTO;Hombre;AREA URBANO;19;;1041;740;Domiciliario
1678;20;SANTA CRUZ;Mujer;AREA URBANO;29;82;1468;823;Domiciliario
1679;20;SANTA CRUZ;Hombre;AREA URBANO;19;56;1248;787;Domiciliario
1680;21;LA PAZ;Mujer;AREA URBANO;17;85;926;788;Domiciliario
1681;21;TARIJA;Hombre;AREA URBANO;16;72;1302;1042;Domiciliario
1682;19;TARIJA;Hombre;AREA URBANO;31;63;1477;1300;Domiciliario
1683;22;COCHABAMBA;Mujer;AREA URBANO;15;75;832;475;Domiciliario
1684;27;LA PAZ;Mujer;AREA URBANO;38;92;826;496;Domiciliario
1685;21;EL ALTO;Hombre;AREA URBANO;27;58;1051;904;Domiciliario
1686;20;SANTA CRUZ;Hombre;AREA URBANO;21;88;922;674;Domiciliario
1687;25;TARIJA;Mujer;AREA URBANO;16;68;1290;865;Domiciliario
1688;19;COCHABAMBA;Hombre;AREA URBANO;36;64;955;564;Domiciliario
1689;23;LA PAZ;Hombre;AREA URBANO;18;81;1318;844;Domiciliario
1690;22;EL ALTO;Hombre;AREA URBANO;31;59;1472;1296;Domiciliario
1691;27;LA PAZ;Hombre;AREA URBANO;22;76;1056;792;Domiciliario
1692;23;TARIJA;Mujer;AREA URBANO;35;52;1473;1120;Domiciliario
1693;28;ORURO;Hombre;AREA URBANO;39;67;1072;601;Domiciliario
1694;23;EL ALTO;Mujer;AREA URBANO;23;69;801;553;Domiciliario
1695;26;LA PAZ;Hombre;AREA URBANO;17;79;1262;985;Domiciliario
1696;21;LA PAZ;Hombre;AREA URBANO;36;91;973;623;Domiciliario
1697;26;COCHABAMBA;Hombre;AREA URBANO;36;70;1366;902;Domiciliario
1698;28;EL ALTO;Mujer;AREA URBANO;12;77;821;526;Domiciliario
1699;23;EL ALTO;Hombre;AREA URBANO;37;64;866;754;Domiciliario
1700;25;LA PAZ;Mujer;AREA URBANO;36;81;1314;986;Domiciliario
1701;24;EL ALTO;Hombre;AREA URBANO;16;56;1078;637;Domiciliario
1702;24;SANTA CRUZ;Hombre;AREA URBANO;34;71;918;542;Domiciliario
1703;25;EL ALTO;Hombre;AREA URBANO;19;76;762;427;Domiciliario
1704;22;ORURO;Mujer;AREA URBANO;29;64;1029;885;Domiciliario
1705;23;LA PAZ;Hombre;AREA URBANO;25;78;1464;850;Domiciliario
1706;21;LA PAZ;Hombre;AREA URBANO;22;88;1067;865;Domiciliario
1707;23;SANTA CRUZ;Hombre;AREA URBANO;39;56;1388;958;Domiciliario
1708;24;ORURO;Mujer;AREA URBANO;14;76;1150;644;Domiciliario
1709;25;ORURO;Hombre;AREA URBANO;37;63;1078;798;Domiciliario
1710;27;EL ALTO;Mujer;AREA URBANO;16;52;1163;745;Domiciliario
1711;23;SANTA CRUZ;Mujer;AREA URBANO;21;80;1424;855;Domiciliario
1712;27;LA PAZ;Hombre;AREA URBANO;31;68;1059;636;Domiciliario
1713;23;COCHABAMBA;Mujer;AREA URBANO;26;85;1142;629;Domiciliario
1714;22;COCHABAMBA;Mujer;AREA URBANO;15;77;787;504;Domiciliario
1715;20;LA PAZ;Hombre;AREA URBANO;25;82;1301;729;Domiciliario
1716;28;EL ALTO;Mujer;AREA URBANO;29;77;851;681;Domiciliario
1717;22;EL ALTO;Hombre;AREA URBANO;17;61;1237;916;Domiciliario
1718;26;CHUQUISACA;Hombre;AREA URBANO;38;87;897;610;Domiciliario
1719;27;POTOSI;Hombre;AREA URBANO;19;76;766;590;Domiciliario
1720;23;LA PAZ;Hombre;AREA URBANO;22;84;1273;981;Domiciliario
1721;26;ORURO;Mujer;AREA URBANO;38;57;1294;906;Domiciliario
1722;22;CHUQUISACA;Hombre;AREA URBANO;17;86;811;463;Domiciliario
1723;21;LA PAZ;Hombre;AREA URBANO;33;79;1429;886;Domiciliario
1724;19;LA PAZ;Hombre;AREA URBANO;39;78;877;606;Domiciliario
1725;24;LA PAZ;Mujer;AREA URBANO;33;85;1485;1159;Domiciliario
1726;27;LA PAZ;Hombre;AREA URBANO;23;92;1362;777;Domiciliario
1727;21;COCHABAMBA;Hombre;AREA URBANO;35;68;1395;1214;Domiciliario
1728;23;SANTA CRUZ;Hombre;AREA URBANO;14;63;1356;1112;Domiciliario
1729;22;LA PAZ;Mujer;AREA URBANO;35;81;1443;1068;Domiciliario
1730;22;POTOSI;Mujer;AREA URBANO;34;63;885;514;Domiciliario
1731;25;SANTA CRUZ;Mujer;AREA URBANO;12;70;1034;766;Domiciliario
1732;23;SANTA CRUZ;Hombre;AREA URBANO;23;58;1313;762;Domiciliario
1733;21;SANTA CRUZ;Hombre;AREA URBANO;31;84;756;590;Domiciliario
1734;23;SANTA CRUZ;Hombre;AREA URBANO;31;62;1285;720;Domiciliario
1735;20;CHUQUISACA;Hombre;AREA URBANO;22;78;1134;624;Domiciliario
1736;24;COCHABAMBA;Mujer;AREA URBANO;33;60;1188;963;Domiciliario
1737;24;CHUQUISACA;Hombre;AREA URBANO;30;82;868;582;Domiciliario
1738;23;SANTA CRUZ;Hombre;AREA URBANO;14;67;1173;822;Domiciliario
1739;20;PANDO;Hombre;AREA URBANO;38;51;1160;812;Domiciliario
1740;23;EL ALTO;Mujer;AREA URBANO;29;72;777;614;Domiciliario
1741;26;EL ALTO;Hombre;AREA URBANO;37;70;779;546;Domiciliario
1742;19;POTOSI;Mujer;AREA URBANO;19;62;856;642;Domiciliario
1743;22;COCHABAMBA;Hombre;AREA URBANO;22;75;770;570;Domiciliario
1744;26;LA PAZ;Hombre;AREA URBANO;24;88;1128;937;Domiciliario
1745;22;SANTA CRUZ;Hombre;AREA URBANO;25;52;1251;964;Domiciliario
1746;28;EL ALTO;Mujer;AREA URBANO;17;60;763;420;Domiciliario
1747;23;PANDO;Hombre;AREA URBANO;34;53;1047;775;Domiciliario
1748;27;ORURO;Hombre;AREA URBANO;37;59;1159;731;Domiciliario
1749;28;SANTA CRUZ;Hombre;AREA URBANO;13;85;1106;753;Domiciliario
1750;26;SANTA CRUZ;Hombre;AREA URBANO;39;62;1385;1219;Domiciliario
1751;27;COCHABAMBA;Hombre;AREA URBANO;34;62;932;709;Domiciliario
1752;23;EL ALTO;Hombre;AREA URBANO;19;67;1410;1030;Domiciliario
1753;20;LA PAZ;Hombre;AREA URBANO;21;77;1466;924;Domiciliario
1754;25;LA PAZ;Hombre;AREA URBANO;33;76;1410;1072;Domiciliario
1755;20;EL ALTO;Hombre;AREA URBANO;14;68;1359;1115;Domiciliario
1756;25;LA PAZ;Mujer;AREA URBANO;16;67;1020;582;Domiciliario
1757;24;LA PAZ;Hombre;AREA URBANO;20;73;;948;Domiciliario
1758;20;LA PAZ;Mujer;AREA URBANO;17;90;866;719;Domiciliario
1759;20;LA PAZ;Hombre;AREA URBANO;29;65;789;482;Domiciliario
1760;23;LA PAZ;Mujer;AREA URBANO;28;92;1315;895;Domiciliario
1761;23;SANTA CRUZ;Mujer;AREA URBANO;28;65;958;748;Domiciliario
1762;19;LA PAZ;Mujer;AREA URBANO;22;78;766;583;Domiciliario
1763;27;COCHABAMBA;Hombre;AREA URBANO;24;72;1035;601;Domiciliario
1764;22;COCHABAMBA;Mujer;AREA URBANO;23;84;1177;871;Domiciliario
1765;27;POTOSI;Hombre;AREA URBANO;29;67;969;669;Domiciliario
1766;24;SANTA CRUZ;Hombre;AREA URBANO;29;73;793;500;Domiciliario
1767;28;SANTA CRUZ;Hombre;AREA URBANO;36;51;1357;815;Domiciliario
1768;23;LA PAZ;Hombre;AREA URBANO;14;66;1347;1078;Domiciliario
1769;24;TARIJA;Hombre;AREA URBANO;26;70;1247;774;Domiciliario
1770;27;POTOSI;Hombre;AREA URBANO;14;78;1039;832;Domiciliario
1771;20;ORURO;Hombre;AREA URBANO;38;68;1103;916;Domiciliario
1772;19;EL ALTO;Hombre;AREA URBANO;20;65;907;744;Domiciliario
1773;26;LA PAZ;Hombre;AREA URBANO;32;89;893;510;Domiciliario
1774;24;EL ALTO;Hombre;AREA URBANO;25;61;1332;773;Domiciliario
1775;25;SANTA CRUZ;Mujer;AREA URBANO;38;84;1493;926;Domiciliario
1776;25;LA PAZ;Hombre;AREA URBANO;24;65;1397;1216;Domiciliario
1777;23;ORURO;Hombre;AREA URBANO;13;59;933;654;Domiciliario
1778;20;SANTA CRUZ;Hombre;AREA URBANO;13;69;1157;926;Domiciliario
1779;19;COCHABAMBA;Hombre;AREA URBANO;36;67;1424;940;Domiciliario
1780;27;LA PAZ;Hombre;AREA URBANO;26;87;894;635;Domiciliario
1781;28;EL ALTO;Mujer;AREA URBANO;30;74;1373;824;Domiciliario
1782;23;LA PAZ;Mujer;AREA URBANO;19;71;1301;976;Domiciliario
1783;20;PANDO;Hombre;AREA URBANO;24;57;1326;1154;Domiciliario
1784;21;TARIJA;Hombre;AREA URBANO;37;51;1349;904;Domiciliario
1785;24;SANTA CRUZ;Mujer;AREA URBANO;31;68;1324;755;Domiciliario
1786;24;LA PAZ;Hombre;AREA URBANO;38;77;875;665;Domiciliario
1787;24;LA PAZ;Hombre;AREA URBANO;16;72;756;560;Domiciliario
1788;27;LA PAZ;Hombre;AREA URBANO;35;82;898;701;Domiciliario
1789;28;EL ALTO;Hombre;AREA URBANO;25;72;1415;793;Domiciliario
1790;19;EL ALTO;Hombre;AREA URBANO;24;59;1204;891;Domiciliario
1791;21;SANTA CRUZ;Hombre;AREA URBANO;38;63;1017;621;Domiciliario
1792;20;SANTA CRUZ;Mujer;AREA URBANO;24;84;1291;865;Domiciliario
1793;21;LA PAZ;Mujer;AREA URBANO;12;71;1370;1001;Domiciliario
1794;22;SANTA CRUZ;Hombre;AREA URBANO;13;60;1110;722;Domiciliario
1795;19;POTOSI;Mujer;AREA URBANO;19;57;1252;927;Domiciliario
1796;28;COCHABAMBA;Hombre;AREA URBANO;12;72;1149;966;Domiciliario
1797;24;LA PAZ;Mujer;AREA URBANO;30;72;762;625;Domiciliario
1798;21;COCHABAMBA;Mujer;AREA URBANO;33;78;1324;821;Domiciliario
1799;28;LA PAZ;Hombre;AREA URBANO;34;84;1141;902;Domiciliario
1800;24;COCHABAMBA;Hombre;AREA URBANO;36;64;941;556;Domiciliario
1801;22;EL ALTO;Hombre;AREA URBANO;34;77;1149;1000;Domiciliario
1802;19;COCHABAMBA;Mujer;AREA URBANO;24;60;1251;826;Domiciliario
1803;22;CHUQUISACA;Mujer;AREA URBANO;21;79;871;532;Domiciliario
1804;22;SANTA CRUZ;Hombre;AREA URBANO;27;59;791;451;Domiciliario
1805;24;LA PAZ;Hombre;AREA URBANO;17;76;1491;985;Domiciliario
1806;28;EL ALTO;Mujer;AREA URBANO;31;63;1447;825;Domiciliario
1807;19;POTOSI;Hombre;AREA URBANO;25;81;1462;1155;Domiciliario
1808;19;LA PAZ;Mujer;AREA URBANO;29;84;1142;697;Domiciliario
1809;22;LA PAZ;Hombre;AREA URBANO;39;81;1323;927;Domiciliario
1810;28;LA PAZ;Mujer;AREA URBANO;12;68;1484;1128;Domiciliario
1811;22;LA PAZ;Hombre;AREA URBANO;22;81;1106;609;Domiciliario
1812;28;SANTA CRUZ;Mujer;AREA URBANO;28;56;951;571;Domiciliario
1813;27;EL ALTO;Hombre;AREA URBANO;19;54;933;803;Domiciliario
1814;26;LA PAZ;Hombre;AREA URBANO;12;80;838;621;Domiciliario
1815;25;SANTA CRUZ;Hombre;AREA URBANO;12;57;1306;732;Domiciliario
1816;27;COCHABAMBA;Hombre;AREA URBANO;37;81;796;518;Domiciliario
1817;19;ORURO;Hombre;AREA URBANO;37;77;827;670;Domiciliario
1818;19;EL ALTO;Mujer;AREA URBANO;24;59;1444;1127;Domiciliario
1819;26;LA PAZ;Mujer;AREA URBANO;19;66;1038;654;Domiciliario
1820;19;LA PAZ;Mujer;AREA URBANO;32;73;1408;1211;Domiciliario
1821;20;COCHABAMBA;Hombre;AREA URBANO;15;73;988;643;Domiciliario
1822;22;EL ALTO;Mujer;AREA URBANO;21;62;1264;1050;Domiciliario
1823;26;SANTA CRUZ;Hombre;AREA URBANO;28;73;813;456;Domiciliario
1824;24;LA PAZ;Hombre;AREA URBANO;13;73;834;676;Domiciliario
1825;25;POTOSI;Hombre;AREA URBANO;18;74;1237;978;Domiciliario
1826;27;POTOSI;Hombre;AREA URBANO;29;57;1338;817;Domiciliario
1827;21;LA PAZ;Hombre;AREA URBANO;37;67;1135;659;Domiciliario
1828;23;TARIJA;Hombre;AREA URBANO;19;74;1127;992;Domiciliario
1829;19;EL ALTO;Hombre;AREA URBANO;22;64;1055;750;Domiciliario
1830;20;SANTA CRUZ;Hombre;AREA URBANO;33;77;954;544;Domiciliario
1831;20;LA PAZ;Hombre;AREA URBANO;32;72;1357;910;Domiciliario
1832;23;LA PAZ;Hombre;AREA URBANO;34;77;827;612;Domiciliario
1833;25;COCHABAMBA;Hombre;AREA URBANO;27;77;779;670;Domiciliario
1834;20;COCHABAMBA;Mujer;AREA URBANO;33;61;1049;724;Domiciliario
1835;20;CHUQUISACA;Hombre;AREA URBANO;26;88;1425;884;Domiciliario
1836;27;SANTA CRUZ;Hombre;AREA URBANO;38;70;796;582;Domiciliario
1837;19;COCHABAMBA;Hombre;AREA URBANO;12;68;1374;797;Domiciliario
1838;20;EL ALTO;Hombre;AREA URBANO;34;56;1418;1078;Domiciliario
1839;20;TARIJA;Mujer;AREA URBANO;35;64;1209;1028;Domiciliario
1840;22;EL ALTO;Hombre;AREA URBANO;35;63;1060;838;Domiciliario
1841;20;SANTA CRUZ;Hombre;AREA URBANO;12;63;1176;812;Domiciliario
1842;23;BENI;Hombre;AREA URBANO;17;58;1276;855;Domiciliario
1843;19;EL ALTO;Mujer;AREA URBANO;24;65;1271;776;Domiciliario
1844;22;LA PAZ;Hombre;AREA URBANO;36;80;794;667;Domiciliario
1845;19;SANTA CRUZ;Hombre;AREA URBANO;28;75;917;752;Domiciliario
1846;22;EL ALTO;Hombre;AREA URBANO;15;75;1301;859;Domiciliario
1847;20;LA PAZ;Mujer;AREA URBANO;26;91;1048;881;Domiciliario
1848;20;LA PAZ;Mujer;AREA URBANO;13;79;1059;721;Domiciliario
1849;24;LA PAZ;Mujer;AREA URBANO;33;86;915;705;Domiciliario
1850;23;LA PAZ;Hombre;AREA URBANO;23;71;766;613;Domiciliario
1851;20;EL ALTO;Hombre;AREA URBANO;34;74;855;582;Domiciliario
1852;21;LA PAZ;Hombre;AREA URBANO;27;67;891;589;Domiciliario
1853;19;LA PAZ;Mujer;AREA URBANO;34;75;1243;684;Domiciliario
1854;23;EL ALTO;Hombre;AREA URBANO;23;68;846;728;Domiciliario
1855;22;LA PAZ;Mujer;AREA URBANO;19;79;1221;941;Domiciliario
1856;23;LA PAZ;Hombre;AREA URBANO;38;78;1414;1004;Domiciliario
1857;25;LA PAZ;Hombre;AREA URBANO;16;71;1277;741;Domiciliario
1858;26;BENI;Mujer;AREA URBANO;19;53;1032;713;Domiciliario
1859;24;LA PAZ;Hombre;AREA URBANO;17;91;1419;866;Domiciliario
1860;28;TARIJA;Mujer;AREA URBANO;17;59;1378;1103;Domiciliario
1861;28;SANTA CRUZ;Mujer;AREA URBANO;28;83;1359;816;Domiciliario
1862;24;EL ALTO;Hombre;AREA URBANO;28;74;1173;857;Domiciliario
1863;25;TARIJA;Hombre;AREA URBANO;33;67;1486;937;Domiciliario
1864;26;TARIJA;Mujer;AREA URBANO;23;62;837;653;Domiciliario
1865;21;SANTA CRUZ;Mujer;AREA URBANO;19;62;783;643;Domiciliario
1866;28;SANTA CRUZ;Hombre;AREA URBANO;25;55;1207;930;Domiciliario
1867;23;EL ALTO;Hombre;AREA URBANO;15;66;1231;875;Domiciliario
1868;21;EL ALTO;Hombre;AREA URBANO;39;62;1040;718;Domiciliario
1869;20;COCHABAMBA;Hombre;AREA URBANO;14;72;912;703;Domiciliario
1870;19;LA PAZ;Hombre;AREA URBANO;39;69;1056;824;Domiciliario
1871;26;COCHABAMBA;Hombre;AREA URBANO;36;84;1479;1006;Domiciliario
1872;28;EL ALTO;Mujer;AREA URBANO;39;59;1197;;Domiciliario
1873;19;LA PAZ;Mujer;AREA URBANO;26;65;876;482;Domiciliario
1874;19;TARIJA;Hombre;AREA URBANO;29;72;1129;667;Domiciliario
1875;22;LA PAZ;Hombre;AREA URBANO;19;72;1223;942;Domiciliario
1876;24;EL ALTO;Hombre;AREA URBANO;12;58;897;503;Domiciliario
1877;25;EL ALTO;Hombre;AREA URBANO;17;77;1423;1054;Domiciliario
1878;24;LA PAZ;Mujer;AREA URBANO;22;79;1269;775;Domiciliario
1879;28;BENI;Hombre;AREA URBANO;26;53;1295;1049;Domiciliario
1880;24;COCHABAMBA;Mujer;AREA URBANO;39;75;1310;917;Domiciliario
1881;19;LA PAZ;Mujer;AREA URBANO;22;79;1003;662;Domiciliario
1882;19;EL ALTO;Mujer;AREA URBANO;18;70;1496;1242;Domiciliario
1883;20;ORURO;Hombre;AREA URBANO;37;73;1091;819;Domiciliario
1884;21;COCHABAMBA;Hombre;AREA URBANO;31;63;1479;903;Domiciliario
1885;23;COCHABAMBA;Mujer;AREA URBANO;19;84;1270;1093;Domiciliario
1886;26;COCHABAMBA;Hombre;AREA URBANO;17;71;1422;1138;Domiciliario
1887;24;EL ALTO;Hombre;AREA URBANO;14;75;1065;789;Domiciliario
1888;28;EL ALTO;Hombre;AREA URBANO;37;59;927;761;Domiciliario
1889;24;EL ALTO;Hombre;AREA URBANO;17;62;1022;757;Domiciliario
1890;22;BENI;Hombre;AREA URBANO;24;54;1350;1175;Domiciliario
1891;26;LA PAZ;Hombre;AREA URBANO;15;73;959;758;Domiciliario
1892;20;CHUQUISACA;Mujer;AREA URBANO;20;91;942;792;Domiciliario
1893;21;SANTA CRUZ;Hombre;AREA URBANO;20;82;1028;905;Domiciliario
1894;23;LA PAZ;Mujer;AREA URBANO;39;92;1462;1287;Domiciliario
1895;19;EL ALTO;Hombre;AREA URBANO;37;66;857;703;Domiciliario
1896;21;EL ALTO;Mujer;AREA URBANO;22;54;1442;1039;Domiciliario
1897;26;LA PAZ;Mujer;AREA URBANO;33;73;1390;821;Domiciliario
1898;25;ORURO;Hombre;AREA URBANO;20;62;1355;868;Domiciliario
1899;25;EL ALTO;Hombre;AREA URBANO;20;60;963;790;Domiciliario
1900;19;SANTA CRUZ;Hombre;AREA URBANO;16;66;1319;1108;Domiciliario
1901;23;SANTA CRUZ;Hombre;AREA URBANO;23;76;1184;865;Domiciliario
1902;19;SANTA CRUZ;Mujer;AREA URBANO;21;88;822;642;Domiciliario
1903;26;EL ALTO;Mujer;AREA URBANO;32;57;843;473;Domiciliario
1904;28;LA PAZ;Mujer;AREA URBANO;20;79;756;416;Domiciliario
1905;19;LA PAZ;Hombre;AREA URBANO;27;68;1160;812;Domiciliario
1906;28;SANTA CRUZ;Hombre;AREA URBANO;24;73;993;775;Domiciliario
1907;23;COCHABAMBA;Mujer;AREA URBANO;16;71;873;585;Domiciliario
1908;23;COCHABAMBA;Mujer;AREA URBANO;16;70;1355;1071;Domiciliario
1909;22;ORURO;Hombre;AREA URBANO;24;75;1256;704;Domiciliario
1910;24;BENI;Mujer;AREA URBANO;37;51;1397;1188;Domiciliario
1911;19;LA PAZ;Mujer;AREA URBANO;35;92;1238;793;Domiciliario
1912;21;CHUQUISACA;Mujer;AREA URBANO;30;85;813;643;Domiciliario
1913;21;SANTA CRUZ;Hombre;AREA URBANO;17;77;1190;1024;Domiciliario
1914;22;EL ALTO;Hombre;AREA URBANO;39;68;1444;824;Domiciliario
1915;26;LA PAZ;Mujer;AREA URBANO;28;85;1438;892;Domiciliario
1916;26;BENI;Mujer;AREA URBANO;23;52;1102;794;Domiciliario
1917;27;EL ALTO;Hombre;AREA URBANO;25;56;1134;817;Domiciliario
1918;23;EL ALTO;Hombre;AREA URBANO;14;61;896;780;Domiciliario
1919;25;EL ALTO;Mujer;AREA URBANO;22;65;1255;1080;Domiciliario
1920;24;EL ALTO;Mujer;AREA URBANO;26;58;1483;994;Domiciliario
1921;27;EL ALTO;Hombre;AREA URBANO;32;63;1031;681;Domiciliario
1922;24;EL ALTO;Mujer;AREA URBANO;31;62;756;537;Domiciliario
1923;26;LA PAZ;Mujer;AREA URBANO;24;89;799;608;Domiciliario
1924;19;LA PAZ;Hombre;AREA URBANO;19;78;771;448;Domiciliario
1925;23;ORURO;Hombre;AREA URBANO;29;60;1266;1064;Domiciliario
1926;20;ORURO;Hombre;AREA URBANO;27;70;823;470;Domiciliario
1927;26;EL ALTO;Hombre;AREA URBANO;26;67;1241;869;Domiciliario
1928;24;LA PAZ;Hombre;AREA URBANO;20;72;1072;944;Domiciliario
1929;28;SANTA CRUZ;Mujer;AREA URBANO;15;71;893;706;Domiciliario
1930;21;POTOSI;Mujer;AREA URBANO;33;58;1389;945;Domiciliario
1931;28;LA PAZ;Hombre;AREA URBANO;18;79;1012;770;Domiciliario
1932;20;LA PAZ;Hombre;AREA URBANO;26;71;1086;858;Domiciliario
1933;25;SANTA CRUZ;Hombre;AREA URBANO;28;80;1062;882;Domiciliario
1934;19;EL ALTO;Hombre;AREA URBANO;33;74;1315;1079;Domiciliario
1935;26;SANTA CRUZ;Mujer;AREA URBANO;13;73;1122;786;Domiciliario
1936;24;SANTA CRUZ;Mujer;AREA URBANO;17;70;1312;1089;Domiciliario
1937;20;EL ALTO;Hombre;AREA URBANO;38;73;1490;984;Domiciliario
1938;20;SANTA CRUZ;Mujer;AREA URBANO;38;83;1087;827;Domiciliario
1939;24;EL ALTO;Hombre;AREA URBANO;29;61;1499;1020;Domiciliario
1940;21;COCHABAMBA;Mujer;AREA URBANO;18;71;1450;1015;Domiciliario
1941;19;BENI;Hombre;AREA URBANO;32;54;1178;696;Domiciliario
1942;27;COCHABAMBA;Hombre;AREA URBANO;12;68;1444;1127;Domiciliario
1943;21;CHUQUISACA;Hombre;AREA URBANO;22;89;1188;856;Domiciliario
1944;20;EL ALTO;Hombre;AREA URBANO;17;54;987;770;Domiciliario
1945;20;SANTA CRUZ;Mujer;AREA URBANO;35;68;1148;758;Domiciliario
1946;21;SANTA CRUZ;Hombre;AREA URBANO;33;62;814;538;Domiciliario
1947;28;SANTA CRUZ;Hombre;AREA URBANO;25;58;1066;779;Domiciliario
1948;26;BENI;Mujer;AREA URBANO;35;51;1280;717;Domiciliario
1949;24;ORURO;Mujer;AREA URBANO;28;70;1287;953;Domiciliario
1950;28;LA PAZ;Mujer;AREA URBANO;17;68;1115;881;Domiciliario
1951;26;SANTA CRUZ;Mujer;AREA URBANO;16;75;847;526;Domiciliario
1952;21;LA PAZ;Hombre;AREA URBANO;37;74;810;681;Domiciliario
1953;20;BENI;Hombre;AREA URBANO;33;52;927;788;Domiciliario
1954;21;CHUQUISACA;Hombre;AREA URBANO;37;92;906;671;Domiciliario
1955;21;BENI;Hombre;AREA URBANO;23;53;1392;905;Domiciliario
1956;22;SANTA CRUZ;Hombre;AREA URBANO;15;60;958;709;Domiciliario
1957;22;POTOSI;Hombre;AREA URBANO;32;61;826;480;Domiciliario
1958;20;SANTA CRUZ;Hombre;AREA URBANO;30;59;1497;1303;Domiciliario
1959;20;LA PAZ;;AREA URBANO;39;79;1310;917;Domiciliario
1960;23;EL ALTO;Mujer;AREA URBANO;29;53;765;559;Domiciliario
1961;25;SANTA CRUZ;Mujer;AREA URBANO;35;86;781;578;Domiciliario
1962;24;LA PAZ;Mujer;AREA URBANO;33;72;1291;904;Domiciliario
1963;25;EL ALTO;Hombre;AREA URBANO;30;68;970;796;Domiciliario
1964;21;COCHABAMBA;Hombre;AREA URBANO;32;69;1075;925;Domiciliario
1965;23;ORURO;Mujer;AREA URBANO;24;63;1046;837;Domiciliario
1966;27;SANTA CRUZ;Mujer;AREA URBANO;38;68;1451;813;Domiciliario
1967;27;COCHABAMBA;Hombre;AREA URBANO;32;75;1212;716;Domiciliario
1968;25;COCHABAMBA;Hombre;AREA URBANO;34;74;1475;1121;Domiciliario
1969;24;EL ALTO;Mujer;AREA URBANO;34;74;788;465;Domiciliario
1970;27;LA PAZ;Hombre;AREA URBANO;30;72;791;515;Domiciliario
1971;22;CHUQUISACA;Hombre;AREA URBANO;33;90;920;571;Domiciliario
1972;22;EL ALTO;Hombre;AREA URBANO;24;66;882;750;Domiciliario
1973;27;EL ALTO;Mujer;AREA URBANO;21;73;784;675;Domiciliario
1974;25;COCHABAMBA;Hombre;AREA URBANO;15;62;815;449;Domiciliario
1975;19;SANTA CRUZ;Hombre;AREA URBANO;17;79;1293;750;Domiciliario
1976;26;COCHABAMBA;Hombre;AREA URBANO;27;67;1342;792;Domiciliario
1977;28;SANTA CRUZ;Hombre;AREA URBANO;27;71;783;533;Domiciliario
1978;19;CHUQUISACA;Mujer;AREA URBANO;36;91;1281;820;Domiciliario
1979;27;ORURO;Hombre;AREA URBANO;13;72;1383;1204;Domiciliario
1980;27;SANTA CRUZ;Hombre;AREA URBANO;24;54;964;801;Domiciliario
1981;21;COCHABAMBA;Mujer;AREA URBANO;22;62;1395;1061;Domiciliario
1982;23;LA PAZ;Hombre;AREA URBANO;12;84;935;748;Domiciliario
1983;26;SANTA CRUZ;Mujer;AREA URBANO;25;60;1082;725;Domiciliario
1984;27;LA PAZ;Hombre;AREA URBANO;23;89;1381;801;Domiciliario
1985;22;CHUQUISACA;Hombre;AREA URBANO;14;76;1412;819;Domiciliario
1986;23;SANTA CRUZ;Mujer;AREA URBANO;39;75;1400;826;Domiciliario
1987;20;SANTA CRUZ;Mujer;AREA URBANO;16;74;915;778;Domiciliario
1988;24;BENI;Mujer;AREA URBANO;12;58;1335;1135;Domiciliario
1989;19;LA PAZ;Hombre;AREA URBANO;12;81;1464;820;Domiciliario
1990;23;COCHABAMBA;Hombre;AREA URBANO;18;76;778;631;Domiciliario
1991;20;SANTA CRUZ;Hombre;AREA URBANO;36;84;1470;985;Domiciliario
1992;28;LA PAZ;Hombre;AREA URBANO;13;92;801;657;Domiciliario
1993;21;POTOSI;Hombre;AREA URBANO;26;61;1001;571;Domiciliario
1994;25;EL ALTO;Hombre;AREA URBANO;24;75;1021;644;Domiciliario
1995;19;SANTA CRUZ;Hombre;AREA URBANO;14;62;1195;1052;Domiciliario
1996;20;LA PAZ;Hombre;AREA URBANO;36;73;1495;1092;Domiciliario
1997;27;;Mujer;AREA URBANO;13;63;1000;880;Domiciliario
1998;26;LA PAZ;Mujer;AREA URBANO;32;90;1489;1117;Domiciliario
1999;26;ORURO;Hombre;AREA URBANO;24;77;920;644;Domiciliario
2000;27;LA PAZ;Mujer;AREA URBANO;21;74;1076;861;Domiciliario
2001;28;EL ALTO;Hombre;AREA URBANO;27;73;1154;797;Domiciliario
2002;21;COCHABAMBA;Hombre;AREA URBANO;33;79;1107;709;Domiciliario
2003;21;POTOSI;Mujer;AREA URBANO;31;57;1210;799;Domiciliario
2004;24;ORURO;Hombre;AREA URBANO;26;79;756;447;Domiciliario
2005;28;LA PAZ;Hombre;AREA URBANO;17;92;957;766;Domiciliario
2006;25;EL ALTO;Hombre;AREA URBANO;37;68;1159;974;Domiciliario
2007;21;CHUQUISACA;Hombre;AREA URBANO;36;87;1037;643;Domiciliario
2008;21;POTOSI;Hombre;AREA URBANO;37;75;1001;711;Domiciliario
2009;21;ORURO;Hombre;AREA URBANO;22;58;831;665;Domiciliario
2010;20;COCHABAMBA;Mujer;AREA URBANO;31;64;1479;873;Domiciliario
2011;20;LA PAZ;Hombre;AREA URBANO;20;67;867;668;Domiciliario
2012;23;LA PAZ;Mujer;AREA URBANO;28;83;1344;847;Domiciliario
2013;19;LA PAZ;Hombre;AREA URBANO;27;89;1374;1045;Domiciliario
2014;19;EL ALTO;Mujer;AREA URBANO;21;67;787;638;Domiciliario
2015;25;ORURO;Hombre;AREA URBANO;27;66;1071;814;Domiciliario
2016;27;EL ALTO;Mujer;AREA URBANO;32;65;1163;966;Domiciliario
2017;22;LA PAZ;Hombre;AREA URBANO;31;78;1164;804;Domiciliario
2018;28;EL ALTO;Mujer;AREA URBANO;18;73;1278;755;Domiciliario
2019;26;LA PAZ;Mujer;AREA URBANO;18;84;1471;1251;Domiciliario
2020;26;LA PAZ;Hombre;AREA URBANO;17;74;1000;690;Domiciliario
2021;27;LA PAZ;Hombre;AREA URBANO;15;74;1433;846;Domiciliario
2022;20;SANTA CRUZ;Hombre;AREA URBANO;18;57;1465;1216;Domiciliario
2023;28;BENI;Hombre;AREA URBANO;28;56;1482;949;Domiciliario
2024;27;SANTA CRUZ;Mujer;AREA URBANO;15;52;751;601;Domiciliario
2025;22;SANTA CRUZ;Mujer;AREA URBANO;21;52;1325;1140;Domiciliario
2026;28;SANTA CRUZ;Hombre;AREA URBANO;34;64;1057;888;Domiciliario
2027;19;TARIJA;Mujer;AREA URBANO;36;55;1289;851;Domiciliario
2028;21;LA PAZ;Hombre;AREA URBANO;28;86;815;669;Domiciliario
2029;20;EL ALTO;Hombre;AREA URBANO;30;76;1484;1128;Domiciliario
2030;21;LA PAZ;Hombre;AREA URBANO;25;78;1181;922;Domiciliario
2031;28;EL ALTO;Hombre;AREA URBANO;14;62;1352;1109;Domiciliario
2032;24;SANTA CRUZ;Mujer;AREA URBANO;18;78;988;702;Domiciliario
2033;23;SANTA CRUZ;Hombre;AREA URBANO;14;55;864;718;Domiciliario
2034;28;EL ALTO;Hombre;AREA URBANO;36;62;1263;809;Domiciliario
2035;25;EL ALTO;Hombre;AREA URBANO;32;63;1126;789;Domiciliario
2036;22;LA PAZ;Hombre;AREA URBANO;13;74;851;486;Domiciliario
2037;27;BENI;Hombre;AREA URBANO;34;54;1064;767;Domiciliario
2038;24;LA PAZ;Hombre;AREA URBANO;16;70;968;591;Domiciliario
2039;28;LA PAZ;Mujer;AREA URBANO;15;84;1313;1156;Domiciliario
2040;20;EL ALTO;Mujer;AREA URBANO;24;55;1394;1074;Domiciliario
2041;20;COCHABAMBA;Hombre;AREA URBANO;24;79;1191;715;Domiciliario
2042;23;EL ALTO;Mujer;AREA URBANO;17;55;1429;1058;Domiciliario
2043;27;EL ALTO;Mujer;AREA URBANO;12;74;1224;723;Domiciliario
2044;19;EL ALTO;Mujer;AREA URBANO;21;63;978;646;Domiciliario
2045;24;EL ALTO;Hombre;AREA URBANO;15;66;806;669;Domiciliario
2046;22;EL ALTO;Mujer;AREA URBANO;17;63;1321;1057;Domiciliario
2047;21;SANTA CRUZ;Mujer;AREA URBANO;26;74;1496;1317;Domiciliario
2048;23;COCABAMBA;Mujer;AREA URBANO;30;65;1460;1241;Domiciliario
2049;25;LA PAZ;Mujer;AREA URBANO;16;88;816;621;Domiciliario
2050;25;EL ALTO;Hombre;AREA URBANO;38;75;945;775;Domiciliario
2051;19;EL ALTO;Hombre;AREA URBANO;28;58;788;497;Domiciliario
2052;21;EL ALTO;Mujer;AREA URBANO;16;76;1253;690;Domiciliario
2053;28;LA PAZ;Mujer;AREA URBANO;19;78;958;614;Domiciliario
2054;26;SANTA CRUZ;Hombre;AREA URBANO;12;82;1382;1037;Domiciliario
2055;24;CHUQUISACA;Hombre;AREA URBANO;32;76;1490;880;Domiciliario
2056;25;LA PAZ;Hombre;AREA URBANO;38;73;751;601;Domiciliario
2057;19;SANTA CRUZ;Hombre;AREA URBANO;21;86;986;858;Domiciliario
2058;21;LA PAZ;Hombre;AREA URBANO;27;92;928;752;Domiciliario
2059;24;SANTA CRUZ;Hombre;AREA URBANO;36;67;770;478;Domiciliario
2060;28;CHUQUISACA;Hombre;AREA URBANO;20;83;1473;928;Domiciliario
2061;19;LA PAZ;Hombre;AREA URBANO;33;76;1250;988;Domiciliario
2062;26;SANTA CRUZ;Mujer;AREA URBANO;32;58;1432;946;Domiciliario
2063;23;LA PAZ;Hombre;AREA URBANO;36;82;1492;851;Domiciliario
2064;19;SANTA CRUZ;Hombre;AREA URBANO;17;73;1484;891;Domiciliario
2065;25;LA PAZ;Hombre;AREA URBANO;25;73;1235;754;Domiciliario
2066;20;EL ALTO;Mujer;AREA URBANO;17;55;853;623;Domiciliario
2067;23;SANTA CRUZ;Hombre;AREA URBANO;32;86;1450;1117;Domiciliario
2068;20;LA PAZ;Mujer;AREA URBANO;24;87;1131;984;Domiciliario
2069;23;LA PAZ;Hombre;AREA URBANO;17;69;900;630;Domiciliario
2070;21;SANTA CRUZ;Hombre;AREA URBANO;16;55;1411;1228;Domiciliario
2071;24;SANTA CRUZ;Mujer;AREA URBANO;23;76;1370;1138;Domiciliario
2072;23;SANTA CRUZ;Hombre;AREA URBANO;13;64;1095;636;Domiciliario
2073;22;COCHABAMBA;Hombre;AREA URBANO;19;83;1157;1007;Domiciliario
2074;21;SANTA CRUZ;Hombre;AREA URBANO;29;77;1420;923;Domiciliario
2075;21;BENI;Hombre;AREA URBANO;12;58;812;520;Domiciliario
2076;24;BENI;Hombre;AREA URBANO;12;57;1274;701;Domiciliario
2077;28;CHUQUISACA;Mujer;AREA URBANO;24;79;1389;806;Domiciliario
2078;23;COCHABAMBA;Mujer;AREA URBANO;12;80;1067;822;Domiciliario
2079;20;SANTA CRUZ;Hombre;AREA URBANO;25;67;1072;944;Domiciliario
2080;26;SANTA CRUZ;Hombre;AREA URBANO;34;60;1003;883;Domiciliario
2081;19;EL ALTO;Hombre;AREA URBANO;36;53;1013;740;Domiciliario
2082;20;LA PAZ;Hombre;AREA URBANO;30;79;1063;787;Domiciliario
2083;22;COCHABAMBA;Mujer;AREA URBANO;37;62;1387;1124;Domiciliario
2084;20;BENI;Hombre;AREA URBANO;18;55;995;697;Domiciliario
2085;22;SANTA CRUZ;Hombre;AREA URBANO;36;74;943;764;Domiciliario
2086;21;SANTA CRUZ;Hombre;AREA URBANO;37;60;1027;709;Domiciliario
2087;20;LA PAZ;Mujer;AREA URBANO;13;80;885;708;Domiciliario
2088;27;BENI;Hombre;AREA URBANO;35;58;1075;936;Domiciliario
2089;21;COCHABAMBA;Hombre;AREA URBANO;20;70;867;512;Domiciliario
2090;28;COCHABAMBA;Hombre;AREA URBANO;23;61;883;733;Domiciliario
2091;20;SANTA CRUZ;Hombre;AREA URBANO;13;67;826;711;Domiciliario
2092;21;LA PAZ;Hombre;AREA URBANO;38;70;1223;832;Domiciliario
2093;25;LA PAZ;Hombre;AREA URBANO;26;83;813;675;Domiciliario
2094;23;EL ALTO;Hombre;AREA URBANO;29;60;1333;1067;Domiciliario
2095;23;EL ALTO;Hombre;AREA URBANO;12;77;1427;814;Domiciliario
2096;27;LA PAZ;Hombre;AREA URBANO;30;67;782;454;Domiciliario
2097;19;LA PAZ;Hombre;AREA URBANO;26;70;914;659;Domiciliario
2098;23;ORURO;Mujer;AREA URBANO;32;82;1394;795;Domiciliario
2099;21;SANTA CRUZ;Hombre;AREA URBANO;26;88;1446;955;Domiciliario
2100;26;LA PAZ;Hombre;AREA URBANO;23;89;1048;755;Domiciliario
2101;22;BENI;Hombre;AREA URBANO;39;56;907;499;Domiciliario
2102;19;EL ALTO;Hombre;AREA URBANO;31;56;971;670;Domiciliario
2103;19;EL ALTO;Mujer;AREA URBANO;36;73;1340;1046;Domiciliario
2104;23;LA PAZ;Mujer;AREA URBANO;38;74;1314;999;Domiciliario
2105;;LA PAZ;Hombre;AREA URBANO;19;69;1288;876;Domiciliario
2106;19;TARIJA;Mujer;AREA URBANO;28;58;1039;780;Domiciliario
2107;19;COCHABAMBA;Hombre;AREA URBANO;23;79;1380;870;Domiciliario
2108;20;CHUQUISACA;Hombre;AREA URBANO;25;75;1371;1166;Domiciliario
2109;19;EL ALTO;Mujer;AREA URBANO;21;55;1498;824;Domiciliario
2110;28;ORURO;Hombre;AREA URBANO;26;66;805;459;Domiciliario
2111;25;SANTA CRUZ;Mujer;AREA URBANO;36;73;853;478;Domiciliario
2112;25;BENI;Hombre;AREA URBANO;22;52;1309;1152;Domiciliario
2113;27;LA PAZ;Hombre;AREA URBANO;20;78;1303;769;Domiciliario
2114;28;LA PAZ;Hombre;AREA URBANO;39;69;1150;897;Domiciliario
2115;22;SANTA CRUZ;Hombre;AREA URBANO;29;75;1451;828;Domiciliario
2116;20;EL ALTO;Mujer;AREA URBANO;25;52;857;472;Domiciliario
2117;28;COCHABAMBA;Hombre;AREA URBANO;18;84;1106;675;Domiciliario
2118;22;TARIJA;Hombre;AREA URBANO;35;68;822;675;Domiciliario
2119;24;POTOSI;Mujer;AREA URBANO;37;84;1307;981;Domiciliario
2120;26;SANTA CRUZ;Mujer;AREA URBANO;27;76;1433;1233;Domiciliario
2121;25;EL ALTO;Hombre;AREA URBANO;34;63;1398;1203;Domiciliario
2122;23;COCHABAMBA;Hombre;AREA URBANO;18;69;1275;969;Domiciliario
2123;26;EL ALTO;Hombre;AREA URBANO;37;70;914;704;Domiciliario
2124;22;LA PAZ;Hombre;AREA URBANO;35;67;804;660;Domiciliario
2125;26;COCHABAMBA;Hombre;AREA URBANO;31;63;1086;913;Domiciliario
2126;22;EL ALTO;Mujer;AREA URBANO;18;60;1315;789;Domiciliario
2127;28;TARIJA;Mujer;AREA URBANO;24;74;776;520;Domiciliario
2128;19;COCHABAMBA;Hombre;AREA URBANO;25;83;750;503;Domiciliario
2129;26;SANTA CRUZ;Mujer;AREA URBANO;16;78;896;780;Domiciliario
2130;25;COCHABAMBA;Mujer;AREA URBANO;19;66;959;557;Domiciliario
2131;26;POTOSI;Hombre;AREA URBANO;13;80;1040;864;Domiciliario
2132;22;COCHABAMBA;Mujer;AREA URBANO;19;81;1208;1051;Domiciliario
2133;27;EL ALTO;Mujer;AREA URBANO;29;70;799;600;Domiciliario
2134;28;SANTA CRUZ;Hombre;AREA URBANO;22;83;1154;901;Domiciliario
2135;24;BENI;Hombre;AREA URBANO;32;54;1352;1123;Domiciliario
2136;23;LA PAZ;Mujer;AREA URBANO;31;70;1038;644;Domiciliario
2137;20;COCHABAMBA;Mujer;AREA URBANO;25;76;1165;723;Domiciliario
2138;22;SANTA CRUZ;Hombre;AREA URBANO;19;70;833;559;Domiciliario
2139;27;LA PAZ;Hombre;AREA URBANO;36;92;810;462;Domiciliario
2140;23;COCHABAMBA;Hombre;AREA URBANO;20;82;1384;1191;Domiciliario
2141;20;BENI;Hombre;AREA URBANO;15;55;1034;766;Domiciliario
2142;26;SANTA CRUZ;Hombre;AREA URBANO;17;84;975;722;Domiciliario
2143;26;LA PAZ;Mujer;AREA URBANO;18;87;1471;1001;Domiciliario
2144;20;EL ALTO;Hombre;AREA URBANO;22;69;1233;765;Domiciliario
2145;20;SANTA CRUZ;Hombre;AREA URBANO;21;71;820;566;Domiciliario
2146;27;EL ALTO;Hombre;AREA URBANO;18;68;1312;1063;Domiciliario
2147;24;SANTA CRUZ;Hombre;AREA URBANO;38;84;783;690;Domiciliario
2148;20;SANTA CRUZ;Hombre;AREA URBANO;27;87;1353;853;Domiciliario
2149;23;EL ALTO;Hombre;AREA URBANO;16;59;1021;756;Domiciliario
2150;25;ORURO;Mujer;AREA URBANO;26;70;1130;837;Domiciliario
2151;24;EL ALTO;Mujer;AREA URBANO;17;52;883;530;Domiciliario
2152;20;CHUQUISACA;Mujer;AREA URBANO;31;90;1457;962;Domiciliario
2153;27;ORURO;Hombre;AREA URBANO;16;67;828;472;Domiciliario
2154;20;POTOSI;Hombre;AREA URBANO;31;70;1110;700;Domiciliario
2155;22;POTOSI;Hombre;AREA URBANO;36;62;1209;1028;Domiciliario
2156;20;SANTA CRUZ;Hombre;AREA URBANO;24;80;1350;878;Domiciliario
2157;22;EL ALTO;Mujer;AREA URBANO;19;69;1183;911;Domiciliario
2158;24;SANTA CRUZ;Hombre;AREA URBANO;33;78;903;615;Domiciliario
2159;19;ORURO;Mujer;AREA URBANO;15;66;1413;1117;Domiciliario
2160;20;EL ALTO;Hombre;AREA URBANO;18;77;823;659;Domiciliario
2161;19;SANTA CRUZ;Hombre;AREA URBANO;38;82;992;705;Domiciliario
2162;22;TARIJA;Mujer;AREA URBANO;17;53;891;704;Domiciliario
2163;28;BENI;Hombre;AREA URBANO;29;57;1112;657;Domiciliario
2164;20;EL ALTO;Mujer;AREA URBANO;26;70;922;701;Domiciliario
2165;20;EL ALTO;Hombre;AREA URBANO;32;55;1218;829;Domiciliario
2166;19;SANTA CRUZ;Hombre;AREA URBANO;34;66;1340;1139;Domiciliario
2167;23;COCHABAMBA;Mujer;AREA URBANO;25;68;1328;757;Domiciliario
2168;21;SANTA CRUZ;Hombre;AREA URBANO;21;57;1204;952;Domiciliario
2169;19;SANTA CRUZ;Hombre;AREA URBANO;38;68;899;711;Domiciliario
2170;20;EL ALTO;Hombre;AREA URBANO;25;69;1351;757;Domiciliario
2171;24;EL ALTO;Mujer;AREA URBANO;33;55;841;656;Domiciliario
2172;26;SANTA CRUZ;Mujer;AREA URBANO;34;83;1103;662;Domiciliario
2173;24;EL ALTO;Mujer;AREA URBANO;33;64;1238;966;Domiciliario
2174;25;TARIJA;Hombre;AREA URBANO;17;53;798;543;Domiciliario
2175;26;EL ALTO;Mujer;AREA URBANO;27;71;1368;1013;Domiciliario
2176;22;EL ALTO;Mujer;AREA URBANO;36;57;1450;1102;Domiciliario
2177;27;COCHABAMBA;Hombre;AREA URBANO;15;83;1305;1097;Domiciliario
2178;23;SANTA CRUS;Hombre;AREA URBANO;38;70;1175;893;Domiciliario
2179;25;SANTA CRUZ;Mujer;AREA URBANO;22;67;924;657;Domiciliario
2180;25;COCHABAMBA;Hombre;AREA URBANO;32;81;1193;979;Domiciliario
2181;23;COCHABAMBA;Hombre;AREA URBANO;36;67;1157;753;Domiciliario
2182;27;EL ALTO;Hombre;AREA URBANO;12;66;1405;1082;Domiciliario
2183;24;SANTA CRUZ;Mujer;AREA URBANO;13;78;986;760;Domiciliario
2184;22;SANTA CRUZ;Mujer;AREA URBANO;16;72;1389;862;Domiciliario
2185;21;EL ALTO;Mujer;AREA URBANO;13;68;1170;913;Domiciliario
2186;27;LA PAZ;Hombre;AREA URBANO;37;75;784;588;Domiciliario
2187;28;SANTA CRUZ;Mujer;AREA URBANO;21;58;1074;709;Domiciliario
2188;23;SANTA CRUZ;Hombre;AREA URBANO;22;67;1292;1047;Domiciliario
2189;22;LA PAZ;Hombre;AREA URBANO;35;76;1376;840;Domiciliario
2190;22;EL ALTO;Mujer;AREA URBANO;33;66;992;665;Domiciliario
2191;27;SANTA CRUZ;Mujer;AREA URBANO;38;80;1365;1161;Domiciliario
2192;23;SANTA CRUZ;Mujer;AREA URBANO;14;72;962;558;Domiciliario
2193;27;SANTA CRUZ;Hombre;AREA URBANO;14;59;883;583;Domiciliario
2194;28;LA PAZ;Mujer;AREA URBANO;25;90;773;596;Domiciliario
2195;20;SANTA CRUZ;Mujer;AREA URBANO;31;57;879;589;Domiciliario
2196;21;EL ALTO;Hombre;AREA URBANO;14;74;1190;988;Domiciliario
2197;23;BENI;Hombre;AREA URBANO;35;58;821;501;Domiciliario
2198;24;LA PAZ;Hombre;AREA URBANO;13;91;848;509;Domiciliario
2199;19;LA PAZ;Hombre;AREA URBANO;39;85;1223;795;Domiciliario
2200;23;SANTA CRUZ;Mujer;AREA URBANO;16;53;1041;698;Domiciliario
2201;21;POTOSI;Mujer;AREA URBANO;29;70;1286;811;Domiciliario
2202;25;COCHABAMBA;Hombre;AREA URBANO;27;83;887;577;Domiciliario
2203;20;BENI;Hombre;AREA URBANO;30;57;1326;1088;Domiciliario
2204;20;LA PAZ;Hombre;AREA URBANO;26;91;955;774;Domiciliario
2205;21;COCHABAMBA;Hombre;AREA URBANO;32;69;812;699;Domiciliario
2206;22;SANTA CRUZ;Hombre;AREA URBANO;14;72;1289;903;Domiciliario
2207;20;SANTA CRUZ;Hombre;AREA URBANO;15;88;1227;1068;Domiciliario
2208;22;LA PAZ;Hombre;AREA URBANO;31;86;1131;826;Domiciliario
2209;21;BENI;Mujer;AREA URBANO;29;59;1053;874;Domiciliario
2210;27;SANTA CRUZ;Hombre;AREA URBANO;37;80;803;651;Domiciliario
2211;28;TARIJA;Mujer;AREA URBANO;16;73;935;533;Domiciliario
2212;20;SANTA CRUZ;Mujer;AREA URBANO;19;59;1187;713;Domiciliario
2213;20;POTOSI;Mujer;AREA URBANO;14;82;1453;1119;Domiciliario
2214;24;EL ALTO;Hombre;AREA URBANO;37;59;1116;759;Domiciliario
2215;21;COCHABAMBA;Hombre;AREA URBANO;34;81;1237;941;Domiciliario
2216;26;SANTA CRUZ;Mujer;AREA URBANO;29;73;1061;648;Domiciliario
2217;27;EL ALTO;Mujer;AREA URBANO;16;56;1210;884;Domiciliario
2218;23;EL ALTO;Hombre;AREA URBANO;39;66;879;660;Domiciliario
2219;20;EL ALTO;Mujer;AREA URBANO;33;74;831;624;Domiciliario
2220;25;LA PAZ;Hombre;AREA URBANO;15;80;1495;1211;Domiciliario
2221;19;SANTA CRUZ;Mujer;AREA URBANO;14;55;812;634;Domiciliario
2222;19;TARIJA;Hombre;AREA URBANO;17;59;1238;1003;Domiciliario
2223;20;SANTA CRUZ;Hombre;AREA URBANO;18;77;1276;957;Domiciliario
2224;22;LA PAZ;Hombre;AREA URBANO;25;67;1049;672;Domiciliario
2225;20;POTOSI;Hombre;AREA URBANO;23;83;974;721;Domiciliario
2226;22;COCHABAMBA;Hombre;AREA URBANO;32;61;918;698;Domiciliario
2227;25;SANTA CRUZ;Mujer;AREA URBANO;27;80;1300;819;Domiciliario
2228;23;LA PAZ;Hombre;AREA URBANO;35;87;1060;827;Domiciliario
2229;22;LA PAZ;Hombre;AREA URBANO;22;77;939;526;Domiciliario
2230;24;LA PAZ;Hombre;AREA URBANO;23;79;1033;579;Domiciliario
2231;23;LA PAZ;Mujer;AREA URBANO;19;76;1007;726;Domiciliario
2232;25;COCHABAMBA;Mujer;AREA URBANO;25;67;1082;909;Domiciliario
2233;25;EL ALTO;Mujer;AREA URBANO;12;73;1221;977;Domiciliario
2234;25;EL ALTO;Hombre;AREA URBANO;27;76;935;646;Domiciliario
2235;26;LA PAZ;Hombre;AREA URBANO;16;90;1046;576;Domiciliario
2236;23;LA PAZ;Hombre;AREA URBANO;36;85;757;508;Domiciliario
2237;23;EL ALTO;Hombre;AREA URBANO;15;77;1217;706;Domiciliario
2238;27;EL ALTO;Hombre;AREA URBANO;19;60;986;858;Domiciliario
2239;28;SANTA CRUZ;Hombre;AREA URBANO;12;88;1183;935;Domiciliario
2240;27;SANTA CRUZ;Hombre;AREA URBANO;33;87;970;815;Domiciliario
2241;19;BENI;Hombre;AREA URBANO;18;59;783;556;Domiciliario
2242;20;LA PAZ;Hombre;AREA URBANO;34;82;928;780;Domiciliario
2243;28;EL ALTO;Hombre;AREA URBANO;15;60;792;642;Domiciliario
2244;19;COCHABAMBA;Mujer;AREA URBANO;18;84;1414;863;Domiciliario
2245;21;LA PAZ;Hombre;AREA URBANO;16;73;1024;635;Domiciliario
2246;26;EL ALTO;Hombre;AREA URBANO;35;53;905;715;Domiciliario
2247;27;BENI;Hombre;AREA URBANO;37;57;804;603;Domiciliario
2248;26;SANTA CRUZ;Hombre;AREA URBANO;21;74;1242;708;Domiciliario
2249;22;LA PAZ;Hombre;AREA URBANO;12;79;988;544;Domiciliario
2250;28;COCHABAMBA;Hombre;AREA URBANO;35;85;1253;890;Domiciliario
2251;24;COCHABAMBA;Hombre;AREA URBANO;13;79;1099;847;Domiciliario
2252;19;EL ALTO;Hombre;AREA URBANO;29;55;1224;698;Domiciliario
2253;28;LA PAZ;Mujer;AREA URBANO;34;84;1013;598;Domiciliario
2254;22;LA PAZ;Hombre;AREA URBANO;24;91;1313;749;Domiciliario
2255;21;COCHABAMBA;Hombre;AREA URBANO;12;65;1233;975;Domiciliario
2256;26;SANTA CRUZ;Hombre;AREA URBANO;12;88;1319;845;Domiciliario
2257;20;LA PAZ;Hombre;AREA URBANO;35;87;1427;1171;Domiciliario
2258;20;SANTA CRUZ;Mujer;AREA URBANO;35;64;1454;1207;Domiciliario
2259;19;SANTA CRUZ;Hombre;AREA URBANO;32;83;1034;735;Domiciliario
2260;22;LA PAZ;Hombre;AREA URBANO;35;68;1420;1236;Domiciliario
2261;28;SANTA CRUZ;Hombre;AREA URBANO;23;55;750;578;Domiciliario
2262;20;LA PAZ;Mujer;AREA URBANO;34;81;830;615;Domiciliario
2263;24;EL ALTO;Hombre;AREA URBANO;21;65;1486;1293;Domiciliario
2264;27;LA PAZ;Hombre;AREA URBANO;38;77;788;481;Domiciliario
2265;26;BENI;Hombre;AREA URBANO;28;53;1427;885;Domiciliario
2266;21;COCHABAMBA;Hombre;AREA URBANO;14;79;857;523;Domiciliario
2267;21;LA PAZ;Hombre;AREA URBANO;25;70;1332;986;Domiciliario
2268;21;CHUQUISACA;Hombre;AREA URBANO;33;85;1136;887;Domiciliario
2269;23;SANTA CRUZ;Mujer;AREA URBANO;31;79;1291;788;Domiciliario
2270;22;EL ALTO;Hombre;AREA URBANO;12;72;1499;1035;Domiciliario
2271;22;LA PAZ;Mujer;AREA URBANO;39;82;1170;714;Domiciliario
2272;21;EL ALTO;Hombre;AREA URBANO;28;66;1337;1070;Domiciliario
2273;26;LA PAZ;Mujer;AREA URBANO;38;90;1396;1006;Domiciliario
2274;25;EL ALTO;Mujer;AREA URBANO;19;61;1215;851;Domiciliario
2275;23;EL ALTO;Hombre;AREA URBANO;25;76;1244;1033;Domiciliario
2276;22;EL ALTO;Hombre;AREA URBANO;33;54;1454;1265;Domiciliario
2277;19;ORURO;Hombre;AREA URBANO;16;81;1324;1086;Domiciliario
2278;27;LA PAZ;Mujer;AREA URBANO;18;84;878;659;Domiciliario
2279;27;BENI;Hombre;AREA URBANO;34;53;870;522;Domiciliario
2280;26;LA PAZ;Hombre;AREA URBANO;16;80;1076;700;Domiciliario
2281;23;COCHABAMBA;Hombre;AREA URBANO;32;63;988;544;Domiciliario
2282;26;EL ALTO;Hombre;AREA URBANO;34;67;1019;592;Domiciliario
2283;22;EL ALTO;Hombre;AREA URBANO;25;56;956;555;Domiciliario
2284;21;SANTA CRUZ;Hombre;AREA URBANO;22;86;1268;761;Domiciliario
2285;28;SANTA CRUZ;Hombre;AREA URBANO;36;74;1249;925;Domiciliario
2286;21;SANTA CRUZ;Mujer;AREA URBANO;19;82;1497;1318;Domiciliario
2287;23;LA PAZ;Hombre;AREA URBANO;34;75;806;581;Domiciliario
2288;25;LA PAZ;Hombre;AREA URBANO;23;65;1196;694;Domiciliario
2289;25;SANTA CRUZ;Mujer;AREA URBANO;32;72;767;560;Domiciliario
2290;23;EL ALTO;Hombre;AREA URBANO;12;53;1309;1100;Domiciliario
2291;23;TARIJA;Hombre;AREA URBANO;24;66;1358;829;Domiciliario
2292;19;LA PAZ;Mujer;AREA URBANO;13;69;867;685;Domiciliario
2293;25;EL ALTO;Hombre;AREA URBANO;38;66;1277;984;Domiciliario
2294;20;EL ALTO;Hombre;AREA URBANO;29;76;1230;935;Domiciliario
2295;27;EL ALTO;Hombre;AREA URBANO;33;52;1176;835;Domiciliario
2296;21;LA PAZ;Hombre;AREA URBANO;29;78;1434;1105;Domiciliario
2297;23;SANTA CRUZ;Hombre;AREA URBANO;19;60;1115;714;Domiciliario
2298;20;LA PAZ;Hombre;AREA URBANO;15;78;1276;970;Domiciliario
2299;24;LA PAZ;Mujer;AREA URBANO;29;71;959;643;Domiciliario
2300;23;LA PAZ;Mujer;AREA URBANO;27;87;1324;1007;Domiciliario
